Дата;Регион;Город;Менеджер;Код товара;Товар;Категория;Количество;Цена;Скидка
31.12.2024;Центр;Москва;Кузнецов С.;P006;Смартфон Max;Смартфоны;1;121454,93;0,00
04.04.2024;Приволжье;Нижний Новгород;Новикова А.;P009;Чехол кожаный;Аксессуары;2;2006,82;0,10
20.01.2024;Урал;Челябинск;Морозова А.;P005;Смартфон Lite;Смартфоны;1;19460,29;0,00
22.10.2024;Центр;Воронеж;Смирнова А.;P015;Умные часы Fit;Гаджеты;2;17051,82;0,05
17.06.2024;Юг;Волгоград;Соколова А.;P010;Зарядка 65 Вт;Аксессуары;7;3708,38;0,00
22.03.2024;Центр;Москва;Кузнецов С.;P010;Зарядка 65 Вт;Аксессуары;1;3463,15;0,00
07.06.2024;Приволжье;Нижний Новгород;Новикова А.;P010;Зарядка 65 Вт;Аксессуары;3;3448,66;0,00
21.01.2025;Приволжье;Нижний Новгород;Новикова А.;P009;Чехол кожаный;Аксессуары;2;2065,26;0,00
08.02.2024;Северо-Запад;Санкт-Петербург;Васильев С.;P009;Чехол кожаный;Аксессуары;3;2006,49;0,15
08.01.2024;Центр;Москва;Кузнецов С.;P002;Ноутбук Pro 16;Ноутбуки;4;193221,53;0,00
24.07.2024;Приволжье;Нижний Новгород;Новикова А.;P005;Смартфон Lite;Смартфоны;1;20423,24;0,00
07.08.2024;Центр;Ярославль;Кузнецов С.;P012;"Монитор 24"" FHD";Мониторы;1;16309,12;0,00
01.07.2024;Приволжье;Нижний Новгород;Новикова А.;P009;Чехол кожаный;Аксессуары;2;2126,52;0,05
27.04.2024;Юг;Краснодар;Михайлов С.;P012;"Монитор 24"" FHD";Мониторы;2;15704,87;0,10
25.06.2025;Приволжье;Нижний Новгород;Новикова А.;P016;Электронная книга;Гаджеты;1;13579,46;0,05
28.04.2024;Юг;Краснодар;Соколова А.;P016;Электронная книга;Гаджеты;1;12308,32;0,00
26.06.2024;Приволжье;Уфа;Новикова А.;P002;Ноутбук Pro 16;Ноутбуки;3;199774,37;0,15
07.04.2025;Центр;Воронеж;Кузнецов С.;P010;Зарядка 65 Вт;Аксессуары;1;3765,48;0,05
06.05.2024;Сибирь;Омск;Лебедев С.;P005;Смартфон Lite;Смартфоны;4;18903,06;0,10
31.10.2024;Приволжье;Нижний Новгород;Фёдоров С.;P009;Чехол кожаный;Аксессуары;9;2110,90;0,00
11.06.2025;Северо-Запад;Калининград;Васильев С.;P013;Планшет Tab 11;Планшеты;1;42857,47;0,05
29.05.2025;Приволжье;Казань;Фёдоров С.;P009;Чехол кожаный;Аксессуары;1;2305,12;0,00
02.05.2025;Центр;Тула;Кузнецов С.;P010;Зарядка 65 Вт;Аксессуары;12;3987,02;0,00
02.06.2024;Центр;Воронеж;Кузнецов С.;P007;Наушники Buds;Аксессуары;9;8393,71;0,05
04.05.2024;Урал;Челябинск;Морозова А.;P009;Чехол кожаный;Аксессуары;7;2121,78;0,00
05.06.2025;Сибирь;Красноярск;Лебедев С.;P016;Электронная книга;Гаджеты;1;14038,06;0,10
30.09.2024;Приволжье;Нижний Новгород;Фёдоров С.;P009;Чехол кожаный;Аксессуары;3;2155,62;0,10
07.03.2025;Юг;Ростов-на-Дону;Михайлов С.;P003;Ультрабук Slim;Ноутбуки;1;127574,87;0,00
03.04.2024;Центр;Тула;Кузнецов С.;P009;Чехол кожаный;Аксессуары;2;2021,18;0,00
28.12.2024;Дальний Восток;Владивосток;Егоров С.;P008;Наушники Studio;Аксессуары;1;28154,35;0,00
01.12.2024;Северо-Запад;Мурманск;Попова А.;P009;Чехол кожаный;Аксессуары;9;2096,04;0,00
27.04.2025;Сибирь;Новосибирск;Алексеева А.;P010;Зарядка 65 Вт;Аксессуары;1;4009,49;0,00
04.01.2025;Приволжье;Уфа;Новикова А.;P016;Электронная книга;Гаджеты;3;12866,81;0,00
25.12.2024;Центр;Воронеж;Кузнецов С.;P009;Чехол кожаный;Аксессуары;2;2086,16;0,00
18.12.2024;Приволжье;Казань;Фёдоров С.;P004;Смартфон S23;Смартфоны;1;72401,99;0,15
11.07.2024;Центр;Воронеж;Смирнова А.;P005;Смартфон Lite;Смартфоны;1;20074,00;0,15
08.04.2024;Приволжье;Нижний Новгород;Фёдоров С.;P010;Зарядка 65 Вт;Аксессуары;8;3513,71;0,00
18.08.2024;Северо-Запад;Санкт-Петербург;Васильев С.;P010;Зарядка 65 Вт;Аксессуары;4;3729,05;0,00
24.12.2024;Дальний Восток;Хабаровск;Семёнова А.;P008;Наушники Studio;Аксессуары;2;27794,36;0,00
22.06.2024;Юг;Волгоград;Соколова А.;P016;Электронная книга;Гаджеты;2;13429,54;0,10
17.08.2024;Центр;Воронеж;Смирнова А.;P001;Ноутбук Air 13;Ноутбуки;5;94140,94;0,00
21.09.2024;Приволжье;Казань;Новикова А.;P006;Смартфон Max;Смартфоны;3;115925,22;0,00
28.05.2025;Юг;Ростов-на-Дону;Михайлов С.;P015;Умные часы Fit;Гаджеты;2;18036,60;0,00
03.10.2024;Центр;Москва;Смирнова А.;P015;Умные часы Fit;Гаджеты;2;17668,61;0,00
25.03.2024;Северо-Запад;Санкт-Петербург;Попова А.;P005;Смартфон Lite;Смартфоны;1;19635,27;0,05
16.05.2025;Урал;Тюмень;Морозова А.;P010;Зарядка 65 Вт;Аксессуары;1;3986,46;0,10
28.01.2024;Центр;Воронеж;Смирнова А.;P010;Зарядка 65 Вт;Аксессуары;7;3519,02;0,00
07.05.2025;Приволжье;Уфа;Новикова А.;P009;Чехол кожаный;Аксессуары;8;2269,66;0,00
30.05.2025;Урал;Челябинск;Морозова А.;P013;Планшет Tab 11;Планшеты;5;46052,19;0,15
12.06.2025;Урал;Тюмень;Морозова А.;P015;Умные часы Fit;Гаджеты;1;17431,69;0,00
16.07.2024;Юг;Волгоград;Михайлов С.;P003;Ультрабук Slim;Ноутбуки;3;123262,24;0,00
01.08.2024;Центр;Ярославль;Смирнова А.;P015;Умные часы Fit;Гаджеты;2;17520,43;0,10
25.12.2024;Центр;Москва;Смирнова А.;P012;"Монитор 24"" FHD";Мониторы;1;15608,66;0,00
28.07.2024;Юг;Волгоград;Михайлов С.;P007;Наушники Buds;Аксессуары;21;8340,53;0,00
17.10.2024;Центр;Тула;Кузнецов С.;P016;Электронная книга;Гаджеты;4;13900,81;0,00
10.05.2024;Северо-Запад;Мурманск;Васильев С.;P003;Ультрабук Slim;Ноутбуки;3;122840,48;0,00
04.03.2025;Сибирь;Новосибирск;Лебедев С.;P005;Смартфон Lite;Смартфоны;2;21007,70;0,00
22.02.2025;Северо-Запад;Мурманск;Попова А.;P009;Чехол кожаный;Аксессуары;1;2088,36;0,10
07.10.2024;Северо-Запад;Калининград;Васильев С.;P005;Смартфон Lite;Смартфоны;2;20709,78;0,00
21.03.2025;Дальний Восток;Владивосток;Семёнова А.;P007;Наушники Buds;Аксессуары;3;8816,36;0,05
21.05.2025;Северо-Запад;Мурманск;Васильев С.;P009;Чехол кожаный;Аксессуары;10;2195,25;0,00
01.03.2024;Северо-Запад;Санкт-Петербург;Васильев С.;P016;Электронная книга;Гаджеты;1;12394,40;0,00
25.07.2024;Юг;Краснодар;Михайлов С.;P005;Смартфон Lite;Смартфоны;2;19376,26;0,00
14.10.2024;Центр;Воронеж;Смирнова А.;P006;Смартфон Max;Смартфоны;1;111581,20;0,05
02.05.2024;Центр;Воронеж;Смирнова А.;P015;Умные часы Fit;Гаджеты;1;16321,24;0,15
24.01.2024;Центр;Воронеж;Кузнецов С.;P015;Умные часы Fit;Гаджеты;3;15337,47;0,00
08.05.2025;Урал;Екатеринбург;Морозова А.;P016;Электронная книга;Гаджеты;1;13318,69;0,05
23.03.2024;Центр;Москва;Кузнецов С.;P010;Зарядка 65 Вт;Аксессуары;3;3403,59;0,00
30.01.2025;Сибирь;Красноярск;Алексеева А.;P009;Чехол кожаный;Аксессуары;3;2061,90;0,00
08.06.2024;Юг;Ростов-на-Дону;Михайлов С.;P014;Планшет Mini;Планшеты;1;29834,92;0,10
14.11.2024;Центр;Москва;Смирнова А.;P007;Наушники Buds;Аксессуары;10;8635,52;0,15
28.04.2025;Центр;Ярославль;Смирнова А.;P009;Чехол кожаный;Аксессуары;6;2198,63;0,05
17.06.2025;Северо-Запад;Санкт-Петербург;Попова А.;P009;Чехол кожаный;Аксессуары;1;2150,83;0,00
23.01.2025;Центр;Тула;Смирнова А.;P011;"Монитор 27"" 4K";Мониторы;1;48620,60;0,05
17.05.2024;Центр;Тула;Смирнова А.;P016;Электронная книга;Гаджеты;5;12557,16;0,00
06.12.2024;Урал;Екатеринбург;Морозова А.;P006;Смартфон Max;Смартфоны;1;117162,72;0,00
22.06.2024;Урал;Тюмень;Морозова А.;P006;Смартфон Max;Смартфоны;3;108526,20;0,00
20.10.2024;Центр;Воронеж;Кузнецов С.;P010;Зарядка 65 Вт;Аксессуары;1;3804,65;0,00
05.04.2024;Северо-Запад;Калининград;Попова А.;P012;"Монитор 24"" FHD";Мониторы;2;14549,60;0,00
01.06.2025;Приволжье;Самара;Новикова А.;P005;Смартфон Lite;Смартфоны;2;21222,76;0,00
04.06.2025;Юг;Краснодар;Михайлов С.;P006;Смартфон Max;Смартфоны;2;127179,76;0,00
15.01.2024;Юг;Волгоград;Михайлов С.;P009;Чехол кожаный;Аксессуары;4;1913,84;0,00
24.02.2024;Центр;Ярославль;Кузнецов С.;P015;Умные часы Fit;Гаджеты;5;16971,48;0,00
22.03.2025;Центр;Тула;Смирнова А.;P004;Смартфон S23;Смартфоны;3;73170,97;0,00
31.12.2024;Сибирь;Омск;Алексеева А.;P014;Планшет Mini;Планшеты;1;31111,62;0,00
24.09.2024;Центр;Тула;Смирнова А.;P012;"Монитор 24"" FHD";Мониторы;1;15292,29;0,00
23.12.2024;Центр;Москва;Смирнова А.;P012;"Монитор 24"" FHD";Мониторы;2;16522,49;0,00
24.10.2024;Приволжье;Уфа;Фёдоров С.;P006;Смартфон Max;Смартфоны;1;115505,36;0,15
19.01.2024;Центр;Тула;Кузнецов С.;P002;Ноутбук Pro 16;Ноутбуки;2;194644,11;0,00
17.07.2024;Центр;Ярославль;Кузнецов С.;P015;Умные часы Fit;Гаджеты;5;16798,00;0,05
26.02.2025;Приволжье;Самара;Фёдоров С.;P007;Наушники Buds;Аксессуары;11;8496,74;0,00
04.10.2024;Центр;Тула;Кузнецов С.;P009;Чехол кожаный;Аксессуары;1;2148,23;0,05
01.01.2025;Центр;Воронеж;Кузнецов С.;P010;Зарядка 65 Вт;Аксессуары;5;3625,75;0,00
11.07.2024;Северо-Запад;Мурманск;Попова А.;P011;"Монитор 27"" 4K";Мониторы;3;43636,91;0,00
14.03.2024;Приволжье;Самара;Фёдоров С.;P004;Смартфон S23;Смартфоны;3;63781,64;0,15
15.10.2024;Юг;Волгоград;Соколова А.;P016;Электронная книга;Гаджеты;1;12874,25;0,00
26.11.2024;Центр;Тула;Смирнова А.;P009;Чехол кожаный;Аксессуары;1;2040,90;0,00
26.01.2024;Урал;Челябинск;Морозова А.;P008;Наушники Studio;Аксессуары;3;24777,46;0,05
06.05.2024;Северо-Запад;Санкт-Петербург;Васильев С.;P006;Смартфон Max;Смартфоны;3;118632,48;0,00
15.01.2025;Центр;Москва;Смирнова А.;P007;Наушники Buds;Аксессуары;2;8350,51;0,00
29.03.2024;Центр;Тула;Кузнецов С.;P009;Чехол кожаный;Аксессуары;6;2034,01;0,00
14.05.2025;Центр;Ярославль;Кузнецов С.;P013;Планшет Tab 11;Планшеты;2;45181,19;0,10
07.08.2024;Приволжье;Уфа;Новикова А.;P010;Зарядка 65 Вт;Аксессуары;3;3639,25;0,00
10.04.2025;Приволжье;Нижний Новгород;Фёдоров С.;P005;Смартфон Lite;Смартфоны;3;20922,27;0,00
03.02.2025;Центр;Ярославль;Кузнецов С.;P007;Наушники Buds;Аксессуары;4;8665,03;0,00
30.10.2024;Урал;Екатеринбург;Волков С.;P009;Чехол кожаный;Аксессуары;6;2023,66;0,00
08.02.2024;Урал;Тюмень;Волков С.;P007;Наушники Buds;Аксессуары;4;8103,55;0,00
06.01.2024;Северо-Запад;Калининград;Попова А.;P009;Чехол кожаный;Аксессуары;5;2045,32;0,10
08.06.2024;Центр;Воронеж;Кузнецов С.;P007;Наушники Buds;Аксессуары;2;8510,35;0,05
31.10.2024;Урал;Екатеринбург;Волков С.;P004;Смартфон S23;Смартфоны;1;70330,93;0,00
07.03.2025;Центр;Ярославль;Кузнецов С.;P005;Смартфон Lite;Смартфоны;1;20971,39;0,15
30.03.2025;Центр;Тула;Смирнова А.;P015;Умные часы Fit;Гаджеты;1;18271,83;0,00
30.01.2024;Приволжье;Самара;Фёдоров С.;P014;Планшет Mini;Планшеты;2;26928,50;0,05
23.06.2025;Приволжье;Казань;Новикова А.;P009;Чехол кожаный;Аксессуары;3;2209,63;0,00
27.04.2025;Северо-Запад;Санкт-Петербург;Васильев С.;P005;Смартфон Lite;Смартфоны;4;21879,08;0,00
06.07.2024;Юг;Волгоград;Михайлов С.;P012;"Монитор 24"" FHD";Мониторы;2;16044,66;0,00
21.04.2024;Центр;Тула;Смирнова А.;P005;Смартфон Lite;Смартфоны;5;20061,32;0,00
04.12.2024;Центр;Москва;Кузнецов С.;P012;"Монитор 24"" FHD";Мониторы;1;16090,00;0,00
12.06.2025;Юг;Ростов-на-Дону;Михайлов С.;P010;Зарядка 65 Вт;Аксессуары;7;4049,17;0,00
26.11.2024;Приволжье;Казань;Фёдоров С.;P008;Наушники Studio;Аксессуары;1;26495,78;0,00
12.06.2025;Дальний Восток;Владивосток;Семёнова А.;P001;Ноутбук Air 13;Ноутбуки;1;101925,86;0,00
23.12.2024;Северо-Запад;Мурманск;Попова А.;P011;"Монитор 27"" 4K";Мониторы;1;44036,49;0,00
19.01.2024;Центр;Ярославль;Смирнова А.;P011;"Монитор 27"" 4K";Мониторы;1;44449,00;0,00
06.03.2024;Приволжье;Самара;Новикова А.;P009;Чехол кожаный;Аксессуары;8;2036,11;0,10
29.04.2025;Сибирь;Омск;Алексеева А.;P006;Смартфон Max;Смартфоны;2;123557,01;0,00
10.02.2024;Сибирь;Новосибирск;Лебедев С.;P012;"Монитор 24"" FHD";Мониторы;1;15159,72;0,00
04.12.2024;Сибирь;Новосибирск;Алексеева А.;P007;Наушники Buds;Аксессуары;5;8792,57;0,15
18.04.2024;Центр;Ярославль;Смирнова А.;P009;Чехол кожаный;Аксессуары;7;2106,93;0,00
10.10.2024;Урал;Екатеринбург;Морозова А.;P010;Зарядка 65 Вт;Аксессуары;8;3766,43;0,05
21.11.2024;Центр;Воронеж;Кузнецов С.;P009;Чехол кожаный;Аксессуары;4;2236,36;0,00
06.04.2025;Сибирь;Красноярск;Лебедев С.;P009;Чехол кожаный;Аксессуары;2;2109,76;0,00
16.08.2024;Дальний Восток;Владивосток;Егоров С.;P011;"Монитор 27"" 4K";Мониторы;2;43369,75;0,00
21.03.2024;Центр;Тула;Смирнова А.;P009;Чехол кожаный;Аксессуары;21;1937,02;0,00
11.04.2024;Сибирь;Новосибирск;Алексеева А.;P010;Зарядка 65 Вт;Аксессуары;2;3686,21;0,00
15.03.2025;Юг;Краснодар;Михайлов С.;P009;Чехол кожаный;Аксессуары;13;2094,07;0,00
11.02.2024;Приволжье;Нижний Новгород;Фёдоров С.;P009;Чехол кожаный;Аксессуары;3;2029,65;0,00
22.04.2024;Центр;Тула;Смирнова А.;P007;Наушники Buds;Аксессуары;5;7913,79;0,00
16.04.2025;Центр;Воронеж;Смирнова А.;P007;Наушники Buds;Аксессуары;5;8411,42;0,05
03.09.2024;Центр;Москва;Кузнецов С.;P007;Наушники Buds;Аксессуары;15;8159,20;0,15
13.05.2024;Сибирь;Омск;Алексеева А.;P016;Электронная книга;Гаджеты;3;12621,10;0,05
22.04.2024;Сибирь;Омск;Алексеева А.;P005;Смартфон Lite;Смартфоны;1;19992,88;0,05
27.07.2024;Приволжье;Казань;Новикова А.;P010;Зарядка 65 Вт;Аксессуары;1;3736,15;0,10
26.09.2024;Центр;Ярославль;Смирнова А.;P006;Смартфон Max;Смартфоны;7;116699,23;0,00
08.06.2024;Центр;Воронеж;Смирнова А.;P013;Планшет Tab 11;Планшеты;1;39857,13;0,00
03.04.2025;Центр;Тула;Кузнецов С.;P016;Электронная книга;Гаджеты;2;13339,84;0,15
17.03.2025;Юг;Краснодар;Михайлов С.;P007;Наушники Buds;Аксессуары;5;8714,46;0,00
16.08.2024;Урал;Екатеринбург;Морозова А.;P014;Планшет Mini;Планшеты;3;30030,67;0,00
21.01.2025;Центр;Воронеж;Смирнова А.;P005;Смартфон Lite;Смартфоны;2;20461,28;0,15
18.02.2025;Сибирь;Новосибирск;Алексеева А.;P009;Чехол кожаный;Аксессуары;6;2235,98;0,00
20.12.2024;Северо-Запад;Калининград;Попова А.;P010;Зарядка 65 Вт;Аксессуары;1;3715,25;0,05
30.07.2024;Северо-Запад;Санкт-Петербург;Попова А.;P016;Электронная книга;Гаджеты;1;13353,07;0,00
30.04.2024;Приволжье;Казань;Фёдоров С.;P010;Зарядка 65 Вт;Аксессуары;2;3437,33;0,15
13.10.2024;Приволжье;Нижний Новгород;Фёдоров С.;P016;Электронная книга;Гаджеты;1;12943,27;0,00
13.04.2024;Северо-Запад;Санкт-Петербург;Васильев С.;P005;Смартфон Lite;Смартфоны;1;19100,89;0,15
14.04.2024;Центр;Москва;Кузнецов С.;P012;"Монитор 24"" FHD";Мониторы;2;15459,26;0,05
09.03.2024;Центр;Ярославль;Смирнова А.;P005;Смартфон Lite;Смартфоны;1;20180,79;0,00
23.09.2024;Приволжье;Нижний Новгород;Новикова А.;P009;Чехол кожаный;Аксессуары;2;2174,79;0,00
19.03.2025;Дальний Восток;Владивосток;Семёнова А.;P004;Смартфон S23;Смартфоны;2;68836,82;0,00
17.11.2024;Центр;Москва;Смирнова А.;P007;Наушники Buds;Аксессуары;6;8259,86;0,00
25.04.2025;Урал;Тюмень;Волков С.;P011;"Монитор 27"" 4K";Мониторы;1;46357,69;0,00
21.04.2025;Юг;Краснодар;Михайлов С.;P001;Ноутбук Air 13;Ноутбуки;3;102301,09;0,00
27.06.2024;Дальний Восток;Хабаровск;Егоров С.;P005;Смартфон Lite;Смартфоны;4;19010,72;0,00
26.03.2024;Центр;Тула;Смирнова А.;P009;Чехол кожаный;Аксессуары;14;1994,31;0,00
26.09.2024;Юг;Краснодар;Михайлов С.;P009;Чехол кожаный;Аксессуары;9;2005,34;0,00
03.02.2025;Юг;Ростов-на-Дону;Михайлов С.;P016;Электронная книга;Гаджеты;1;13984,09;0,00
14.05.2024;Центр;Воронеж;Смирнова А.;P014;Планшет Mini;Планшеты;2;28623,84;0,00
19.12.2024;Северо-Запад;Мурманск;Васильев С.;P010;Зарядка 65 Вт;Аксессуары;1;3778,23;0,00
22.04.2024;Сибирь;Новосибирск;Алексеева А.;P009;Чехол кожаный;Аксессуары;1;2032,22;0,00
21.06.2025;Центр;Ярославль;Кузнецов С.;P010;Зарядка 65 Вт;Аксессуары;4;3946,57;0,00
11.05.2024;Приволжье;Уфа;Новикова А.;P008;Наушники Studio;Аксессуары;1;26748,36;0,00
21.02.2024;Северо-Запад;Мурманск;Васильев С.;P004;Смартфон S23;Смартфоны;1;62732,78;0,00
05.01.2024;Северо-Запад;Санкт-Петербург;Попова А.;P007;Наушники Buds;Аксессуары;2;7888,07;0,15
11.05.2024;Центр;Воронеж;Кузнецов С.;P015;Умные часы Fit;Гаджеты;1;15694,30;0,00
23.02.2024;Северо-Запад;Мурманск;Попова А.;P009;Чехол кожаный;Аксессуары;4;1939,06;0,00
30.05.2024;Северо-Запад;Санкт-Петербург;Попова А.;P009;Чехол кожаный;Аксессуары;2;2077,85;0,05
02.11.2024;Центр;Тула;Кузнецов С.;P009;Чехол кожаный;Аксессуары;11;2082,86;0,00
16.08.2024;Центр;Ярославль;Смирнова А.;P007;Наушники Buds;Аксессуары;2;7984,41;0,00
01.05.2024;Центр;Ярославль;Смирнова А.;P007;Наушники Buds;Аксессуары;4;8406,54;0,05
01.01.2024;Сибирь;Новосибирск;Лебедев С.;P007;Наушники Buds;Аксессуары;10;8128,10;0,00
28.08.2024;Центр;Москва;Кузнецов С.;P007;Наушники Buds;Аксессуары;5;8391,65;0,00
09.10.2024;Дальний Восток;Хабаровск;Семёнова А.;P010;Зарядка 65 Вт;Аксессуары;1;3578,03;0,05
28.05.2024;Центр;Воронеж;Смирнова А.;P001;Ноутбук Air 13;Ноутбуки;5;92983,43;0,10
12.08.2024;Дальний Восток;Владивосток;Егоров С.;P006;Смартфон Max;Смартфоны;1;110989,07;0,15
20.05.2025;Сибирь;Новосибирск;Алексеева А.;P008;Наушники Studio;Аксессуары;2;27521,43;0,00
11.12.2024;Центр;Ярославль;Смирнова А.;P015;Умные часы Fit;Гаджеты;3;16715,39;0,00
12.06.2025;Юг;Ростов-на-Дону;Соколова А.;P009;Чехол кожаный;Аксессуары;2;2237,98;0,00
08.03.2025;Центр;Тула;Кузнецов С.;P010;Зарядка 65 Вт;Аксессуары;7;3794,21;0,10
25.06.2024;Центр;Москва;Смирнова А.;P007;Наушники Buds;Аксессуары;1;8000,65;0,00
21.05.2024;Центр;Тула;Смирнова А.;P016;Электронная книга;Гаджеты;2;12504,49;0,00
15.07.2024;Центр;Воронеж;Смирнова А.;P013;Планшет Tab 11;Планшеты;1;41990,84;0,00
29.09.2024;Центр;Москва;Смирнова А.;P013;Планшет Tab 11;Планшеты;1;43771,05;0,00
10.12.2024;Сибирь;Красноярск;Лебедев С.;P004;Смартфон S23;Смартфоны;1;71310,25;0,00
04.05.2025;Юг;Ростов-на-Дону;Соколова А.;P007;Наушники Buds;Аксессуары;3;9164,02;0,00
31.05.2024;Урал;Екатеринбург;Волков С.;P014;Планшет Mini;Планшеты;1;29858,53;0,00
29.12.2024;Урал;Челябинск;Морозова А.;P016;Электронная книга;Гаджеты;1;14078,10;0,10
20.11.2024;Приволжье;Нижний Новгород;Фёдоров С.;P011;"Монитор 27"" 4K";Мониторы;2;47912,34;0,00
26.01.2024;Центр;Тула;Смирнова А.;P010;Зарядка 65 Вт;Аксессуары;1;3357,09;0,00
14.05.2024;Приволжье;Уфа;Фёдоров С.;P007;Наушники Buds;Аксессуары;9;8215,67;0,10
27.04.2025;Центр;Ярославль;Кузнецов С.;P010;Зарядка 65 Вт;Аксессуары;6;3876,13;0,10
22.12.2024;Урал;Тюмень;Волков С.;P010;Зарядка 65 Вт;Аксессуары;1;3694,53;0,15
05.06.2025;Юг;Волгоград;Соколова А.;P011;"Монитор 27"" 4K";Мониторы;2;48802,28;0,00
09.08.2024;Дальний Восток;Владивосток;Семёнова А.;P011;"Монитор 27"" 4K";Мониторы;1;42898,74;0,15
18.08.2024;Центр;Ярославль;Смирнова А.;P009;Чехол кожаный;Аксессуары;6;2002,55;0,00
05.09.2024;Центр;Воронеж;Смирнова А.;P005;Смартфон Lite;Смартфоны;3;20264,77;0,05
20.10.2024;Юг;Волгоград;Михайлов С.;P010;Зарядка 65 Вт;Аксессуары;2;3888,00;0,00
13.07.2024;Юг;Волгоград;Соколова А.;P016;Электронная книга;Гаджеты;2;13384,64;0,00
28.03.2025;Приволжье;Нижний Новгород;Новикова А.;P008;Наушники Studio;Аксессуары;2;28163,62;0,00
23.03.2024;Центр;Тула;Смирнова А.;P009;Чехол кожаный;Аксессуары;2;1952,47;0,00
18.02.2024;Приволжье;Самара;Новикова А.;P009;Чехол кожаный;Аксессуары;1;2071,15;0,00
28.04.2025;Приволжье;Нижний Новгород;Новикова А.;P005;Смартфон Lite;Смартфоны;2;21005,47;0,00
03.03.2025;Приволжье;Казань;Новикова А.;P009;Чехол кожаный;Аксессуары;11;2238,22;0,15
06.01.2024;Юг;Краснодар;Михайлов С.;P014;Планшет Mini;Планшеты;1;26816,36;0,00
04.08.2024;Центр;Тула;Смирнова А.;P008;Наушники Studio;Аксессуары;1;26940,37;0,00
07.09.2024;Северо-Запад;Калининград;Попова А.;P010;Зарядка 65 Вт;Аксессуары;4;3669,44;0,00
21.02.2025;Северо-Запад;Мурманск;Васильев С.;P016;Электронная книга;Гаджеты;1;13165,14;0,00
10.11.2024;Приволжье;Самара;Новикова А.;P009;Чехол кожаный;Аксессуары;7;2029,82;0,05
05.03.2025;Приволжье;Казань;Новикова А.;P009;Чехол кожаный;Аксессуары;3;2202,43;0,00
03.06.2024;Сибирь;Красноярск;Алексеева А.;P010;Зарядка 65 Вт;Аксессуары;2;3573,79;0,15
25.04.2024;Юг;Волгоград;Соколова А.;P009;Чехол кожаный;Аксессуары;2;1948,95;0,00
23.10.2024;Юг;Краснодар;Соколова А.;P009;Чехол кожаный;Аксессуары;5;2077,02;0,00
06.09.2024;Приволжье;Уфа;Фёдоров С.;P010;Зарядка 65 Вт;Аксессуары;2;3810,20;0,10
11.01.2025;Центр;Воронеж;Кузнецов С.;P001;Ноутбук Air 13;Ноутбуки;2;93514,80;0,00
31.01.2025;Приволжье;Самара;Фёдоров С.;P015;Умные часы Fit;Гаджеты;1;17410,37;0,00
13.12.2024;Сибирь;Омск;Алексеева А.;P005;Смартфон Lite;Смартфоны;3;19966,75;0,15
23.02.2024;Северо-Запад;Калининград;Попова А.;P005;Смартфон Lite;Смартфоны;4;19483,92;0,00
12.11.2024;Приволжье;Уфа;Новикова А.;P015;Умные часы Fit;Гаджеты;2;16374,30;0,00
27.01.2024;Приволжье;Нижний Новгород;Фёдоров С.;P014;Планшет Mini;Планшеты;2;27940,02;0,00
11.11.2024;Сибирь;Красноярск;Лебедев С.;P002;Ноутбук Pro 16;Ноутбуки;1;205427,37;0,00
05.06.2024;Урал;Тюмень;Морозова А.;P010;Зарядка 65 Вт;Аксессуары;1;3649,45;0,00
10.05.2025;Урал;Челябинск;Волков С.;P010;Зарядка 65 Вт;Аксессуары;12;3974,38;0,00
07.04.2025;Юг;Ростов-на-Дону;Соколова А.;P007;Наушники Buds;Аксессуары;4;9225,62;0,00
20.01.2024;Центр;Воронеж;Смирнова А.;P009;Чехол кожаный;Аксессуары;5;2025,01;0,15
14.01.2024;Центр;Москва;Кузнецов С.;P002;Ноутбук Pro 16;Ноутбуки;5;192473,63;0,05
08.04.2025;Дальний Восток;Владивосток;Егоров С.;P013;Планшет Tab 11;Планшеты;2;42534,18;0,05
13.10.2024;Центр;Ярославль;Кузнецов С.;P012;"Монитор 24"" FHD";Мониторы;4;15697,54;0,00
17.06.2024;Приволжье;Казань;Новикова А.;P007;Наушники Buds;Аксессуары;2;7973,78;0,00
29.09.2024;Приволжье;Уфа;Фёдоров С.;P013;Планшет Tab 11;Планшеты;2;41179,52;0,00
16.05.2025;Приволжье;Нижний Новгород;Новикова А.;P006;Смартфон Max;Смартфоны;1;127176,43;0,10
09.12.2024;Центр;Ярославль;Смирнова А.;P008;Наушники Studio;Аксессуары;1;25886,20;0,05
21.12.2024;Центр;Воронеж;Смирнова А.;P010;Зарядка 65 Вт;Аксессуары;6;3595,15;0,05
05.05.2025;Северо-Запад;Санкт-Петербург;Попова А.;P016;Электронная книга;Гаджеты;1;14453,03;0,00
07.02.2024;Урал;Тюмень;Волков С.;P015;Умные часы Fit;Гаджеты;2;15960,10;0,00
05.11.2024;Центр;Москва;Кузнецов С.;P007;Наушники Buds;Аксессуары;2;8645,11;0,00
16.02.2025;Сибирь;Омск;Алексеева А.;P015;Умные часы Fit;Гаджеты;1;17048,13;0,00
26.01.2024;Центр;Москва;Кузнецов С.;P002;Ноутбук Pro 16;Ноутбуки;1;179425,13;0,00
12.02.2024;Северо-Запад;Калининград;Попова А.;P007;Наушники Buds;Аксессуары;2;8279,93;0,00
23.06.2024;Центр;Москва;Кузнецов С.;P015;Умные часы Fit;Гаджеты;1;15923,77;0,00
16.02.2025;Урал;Челябинск;Морозова А.;P004;Смартфон S23;Смартфоны;3;73887,68;0,10
16.12.2024;Приволжье;Уфа;Фёдоров С.;P012;"Монитор 24"" FHD";Мониторы;4;15688,98;0,00
17.05.2024;Приволжье;Уфа;Фёдоров С.;P009;Чехол кожаный;Аксессуары;2;2053,09;0,10
14.04.2025;Урал;Тюмень;Волков С.;P009;Чехол кожаный;Аксессуары;4;2091,02;0,00
28.04.2025;Центр;Ярославль;Смирнова А.;P014;Планшет Mini;Планшеты;1;31055,31;0,00
24.01.2025;Приволжье;Казань;Новикова А.;P015;Умные часы Fit;Гаджеты;2;16786,20;0,00
27.12.2024;Приволжье;Уфа;Новикова А.;P011;"Монитор 27"" 4K";Мониторы;1;46559,88;0,15
10.01.2025;Сибирь;Новосибирск;Алексеева А.;P015;Умные часы Fit;Гаджеты;1;16745,58;0,00
14.05.2024;Сибирь;Красноярск;Алексеева А.;P015;Умные часы Fit;Гаджеты;1;16126,68;0,10
15.12.2024;Приволжье;Нижний Новгород;Новикова А.;P009;Чехол кожаный;Аксессуары;2;2173,47;0,15
11.03.2025;Приволжье;Самара;Фёдоров С.;P009;Чехол кожаный;Аксессуары;6;2245,89;0,05
31.07.2024;Северо-Запад;Санкт-Петербург;Васильев С.;P009;Чехол кожаный;Аксессуары;2;2035,95;0,00
05.01.2025;Юг;Краснодар;Михайлов С.;P007;Наушники Buds;Аксессуары;4;8308,77;0,15
17.05.2025;Дальний Восток;Хабаровск;Семёнова А.;P010;Зарядка 65 Вт;Аксессуары;3;3684,59;0,00
12.08.2024;Северо-Запад;Санкт-Петербург;Попова А.;P009;Чехол кожаный;Аксессуары;11;2108,76;0,00
01.06.2024;Сибирь;Омск;Алексеева А.;P014;Планшет Mini;Планшеты;1;29623,96;0,00
22.04.2025;Приволжье;Нижний Новгород;Фёдоров С.;P007;Наушники Buds;Аксессуары;4;8528,60;0,00
18.01.2025;Приволжье;Уфа;Фёдоров С.;P009;Чехол кожаный;Аксессуары;14;2216,74;0,00
07.05.2024;Урал;Екатеринбург;Волков С.;P007;Наушники Buds;Аксессуары;1;8029,88;0,00
16.04.2025;Центр;Ярославль;Кузнецов С.;P008;Наушники Studio;Аксессуары;2;28721,05;0,00
05.05.2024;Сибирь;Новосибирск;Лебедев С.;P009;Чехол кожаный;Аксессуары;3;2091,87;0,00
06.06.2024;Северо-Запад;Мурманск;Васильев С.;P005;Смартфон Lite;Смартфоны;3;19195,47;0,00
13.03.2024;Урал;Екатеринбург;Волков С.;P006;Смартфон Max;Смартфоны;4;113118,55;0,00
09.07.2024;Юг;Волгоград;Соколова А.;P010;Зарядка 65 Вт;Аксессуары;3;3543,32;0,00
11.03.2025;Центр;Воронеж;Смирнова А.;P011;"Монитор 27"" 4K";Мониторы;3;47669,71;0,00
10.03.2024;Центр;Воронеж;Кузнецов С.;P009;Чехол кожаный;Аксессуары;4;2009,92;0,15
10.12.2024;Юг;Краснодар;Михайлов С.;P016;Электронная книга;Гаджеты;2;13208,13;0,10
16.12.2024;Урал;Челябинск;Волков С.;P007;Наушники Buds;Аксессуары;7;8367,25;0,00
02.05.2025;Центр;Москва;Кузнецов С.;P010;Зарядка 65 Вт;Аксессуары;2;3750,65;0,15
23.06.2025;Центр;Ярославль;Смирнова А.;P012;"Монитор 24"" FHD";Мониторы;1;17036,38;0,05
24.06.2025;Приволжье;Казань;Фёдоров С.;P009;Чехол кожаный;Аксессуары;2;2160,72;0,05
25.03.2025;Центр;Тула;Кузнецов С.;P013;Планшет Tab 11;Планшеты;2;44337,30;0,00
26.07.2024;Сибирь;Новосибирск;Лебедев С.;P006;Смартфон Max;Смартфоны;1;112910,14;0,10
29.06.2025;Северо-Запад;Санкт-Петербург;Васильев С.;P012;"Монитор 24"" FHD";Мониторы;6;16560,15;0,15
13.09.2024;Северо-Запад;Санкт-Петербург;Васильев С.;P015;Умные часы Fit;Гаджеты;2;17004,51;0,10
11.02.2024;Северо-Запад;Санкт-Петербург;Васильев С.;P008;Наушники Studio;Аксессуары;2;24094,68;0,00
08.02.2025;Центр;Москва;Кузнецов С.;P009;Чехол кожаный;Аксессуары;1;2232,50;0,00
28.05.2024;Урал;Тюмень;Морозова А.;P005;Смартфон Lite;Смартфоны;1;18867,38;0,00
27.06.2025;Центр;Москва;Кузнецов С.;P014;Планшет Mini;Планшеты;1;31302,73;0,00
23.06.2025;Сибирь;Новосибирск;Лебедев С.;P010;Зарядка 65 Вт;Аксессуары;3;3745,08;0,00
28.03.2025;Центр;Москва;Смирнова А.;P006;Смартфон Max;Смартфоны;6;126810,07;0,00
28.04.2024;Приволжье;Самара;Фёдоров С.;P012;"Монитор 24"" FHD";Мониторы;4;15043,71;0,00
16.05.2024;Центр;Воронеж;Смирнова А.;P010;Зарядка 65 Вт;Аксессуары;2;3734,75;0,00
25.01.2025;Приволжье;Уфа;Фёдоров С.;P014;Планшет Mini;Планшеты;1;29972,20;0,00
09.01.2025;Центр;Тула;Смирнова А.;P016;Электронная книга;Гаджеты;5;13686,71;0,05
14.04.2025;Северо-Запад;Санкт-Петербург;Попова А.;P012;"Монитор 24"" FHD";Мониторы;2;15800,83;0,00
06.08.2024;Северо-Запад;Калининград;Васильев С.;P014;Планшет Mini;Планшеты;8;29180,56;0,10
02.09.2024;Юг;Ростов-на-Дону;Соколова А.;P009;Чехол кожаный;Аксессуары;1;2046,79;0,00
22.02.2024;Юг;Краснодар;Соколова А.;P014;Планшет Mini;Планшеты;1;28523,28;0,00
12.04.2024;Приволжье;Уфа;Фёдоров С.;P008;Наушники Studio;Аксессуары;1;26699,97;0,00
20.06.2025;Северо-Запад;Мурманск;Васильев С.;P016;Электронная книга;Гаджеты;3;13652,00;0,00
22.06.2025;Северо-Запад;Калининград;Попова А.;P014;Планшет Mini;Планшеты;2;30816,55;0,00
23.05.2025;Приволжье;Самара;Новикова А.;P010;Зарядка 65 Вт;Аксессуары;3;3897,77;0,15
29.06.2024;Приволжье;Казань;Фёдоров С.;P009;Чехол кожаный;Аксессуары;1;2057,57;0,00
02.08.2024;Северо-Запад;Санкт-Петербург;Попова А.;P007;Наушники Buds;Аксессуары;8;8151,40;0,10
19.04.2024;Северо-Запад;Мурманск;Васильев С.;P011;"Монитор 27"" 4K";Мониторы;2;43285,19;0,00
26.02.2025;Приволжье;Казань;Фёдоров С.;P007;Наушники Buds;Аксессуары;4;9056,29;0,00
22.04.2024;Приволжье;Нижний Новгород;Фёдоров С.;P009;Чехол кожаный;Аксессуары;4;1990,37;0,10
10.09.2024;Центр;Тула;Кузнецов С.;P011;"Монитор 27"" 4K";Мониторы;3;44790,35;0,00
05.02.2024;Центр;Москва;Смирнова А.;P007;Наушники Buds;Аксессуары;5;7758,10;0,00
18.06.2025;Приволжье;Самара;Новикова А.;P014;Планшет Mini;Планшеты;1;32397,32;0,15
02.02.2024;Центр;Москва;Смирнова А.;P003;Ультрабук Slim;Ноутбуки;2;116168,01;0,00
01.02.2024;Центр;Тула;Смирнова А.;P010;Зарядка 65 Вт;Аксессуары;1;3669,58;0,15
13.03.2024;Центр;Воронеж;Смирнова А.;P015;Умные часы Fit;Гаджеты;7;15540,24;0,00
17.09.2024;Сибирь;Омск;Алексеева А.;P010;Зарядка 65 Вт;Аксессуары;2;3649,44;0,05
27.11.2024;Юг;Ростов-на-Дону;Михайлов С.;P001;Ноутбук Air 13;Ноутбуки;2;92263,57;0,00
02.05.2024;Северо-Запад;Мурманск;Васильев С.;P009;Чехол кожаный;Аксессуары;4;2056,13;0,05
04.02.2024;Юг;Краснодар;Михайлов С.;P005;Смартфон Lite;Смартфоны;1;20037,59;0,10
19.01.2025;Северо-Запад;Мурманск;Попова А.;P016;Электронная книга;Гаджеты;3;12887,71;0,00
01.10.2024;Северо-Запад;Мурманск;Попова А.;P005;Смартфон Lite;Смартфоны;3;20417,46;0,00
17.01.2025;Юг;Ростов-на-Дону;Соколова А.;P005;Смартфон Lite;Смартфоны;1;19946,54;0,00
28.11.2024;Центр;Ярославль;Кузнецов С.;P007;Наушники Buds;Аксессуары;3;8397,60;0,00
23.09.2024;Северо-Запад;Мурманск;Васильев С.;P016;Электронная книга;Гаджеты;3;13148,07;0,15
24.02.2025;Центр;Москва;Смирнова А.;P016;Электронная книга;Гаджеты;5;14028,53;0,00
11.06.2024;Северо-Запад;Калининград;Васильев С.;P005;Смартфон Lite;Смартфоны;1;19294,46;0,15
29.03.2025;Приволжье;Уфа;Новикова А.;P008;Наушники Studio;Аксессуары;1;26397,88;0,00
23.11.2024;Приволжье;Уфа;Фёдоров С.;P009;Чехол кожаный;Аксессуары;10;2053,64;0,05
11.07.2024;Северо-Запад;Санкт-Петербург;Васильев С.;P011;"Монитор 27"" 4K";Мониторы;1;42921,53;0,00
16.06.2025;Центр;Воронеж;Кузнецов С.;P008;Наушники Studio;Аксессуары;8;28118,13;0,00
03.05.2024;Сибирь;Омск;Алексеева А.;P009;Чехол кожаный;Аксессуары;3;1941,93;0,05
28.06.2024;Центр;Ярославль;Кузнецов С.;P013;Планшет Tab 11;Планшеты;2;41698,57;0,00
10.06.2025;Центр;Ярославль;Смирнова А.;P005;Смартфон Lite;Смартфоны;1;21177,01;0,00
10.03.2025;Северо-Запад;Мурманск;Попова А.;P012;"Монитор 24"" FHD";Мониторы;1;16707,99;0,10
26.05.2024;Сибирь;Красноярск;Алексеева А.;P013;Планшет Tab 11;Планшеты;4;40675,13;0,00
27.10.2024;Северо-Запад;Мурманск;Попова А.;P012;"Монитор 24"" FHD";Мониторы;1;15993,26;0,15
20.07.2024;Сибирь;Красноярск;Алексеева А.;P003;Ультрабук Slim;Ноутбуки;3;121423,14;0,10
25.02.2024;Центр;Воронеж;Смирнова А.;P003;Ультрабук Slim;Ноутбуки;2;123317,98;0,00
19.10.2024;Юг;Ростов-на-Дону;Соколова А.;P006;Смартфон Max;Смартфоны;1;118173,78;0,10
12.03.2025;Юг;Волгоград;Соколова А.;P006;Смартфон Max;Смартфоны;1;118994,01;0,00
07.05.2025;Урал;Челябинск;Морозова А.;P007;Наушники Buds;Аксессуары;1;8626,65;0,05
14.03.2025;Северо-Запад;Калининград;Попова А.;P008;Наушники Studio;Аксессуары;1;27373,58;0,10
30.05.2025;Центр;Воронеж;Смирнова А.;P011;"Монитор 27"" 4K";Мониторы;1;46696,62;0,00
06.01.2024;Приволжье;Казань;Фёдоров С.;P016;Электронная книга;Гаджеты;2;12124,98;0,00
28.03.2024;Урал;Екатеринбург;Волков С.;P009;Чехол кожаный;Аксессуары;3;2098,81;0,00
15.01.2024;Северо-Запад;Санкт-Петербург;Васильев С.;P009;Чехол кожаный;Аксессуары;3;1924,19;0,15
22.10.2024;Юг;Краснодар;Соколова А.;P012;"Монитор 24"" FHD";Мониторы;1;16164,05;0,00
09.02.2025;Центр;Воронеж;Кузнецов С.;P010;Зарядка 65 Вт;Аксессуары;9;3926,02;0,15
12.03.2024;Юг;Краснодар;Михайлов С.;P008;Наушники Studio;Аксессуары;2;24504,86;0,05
13.06.2024;Урал;Челябинск;Морозова А.;P009;Чехол кожаный;Аксессуары;4;1970,66;0,00
29.07.2024;Дальний Восток;Хабаровск;Семёнова А.;P009;Чехол кожаный;Аксессуары;6;2055,15;0,00
19.11.2024;Центр;Тула;Кузнецов С.;P009;Чехол кожаный;Аксессуары;3;2112,70;0,00
08.11.2024;Северо-Запад;Калининград;Васильев С.;P004;Смартфон S23;Смартфоны;1;66140,56;0,05
31.10.2024;Урал;Тюмень;Морозова А.;P010;Зарядка 65 Вт;Аксессуары;4;3551,26;0,00
09.03.2025;Юг;Волгоград;Соколова А.;P010;Зарядка 65 Вт;Аксессуары;5;3950,88;0,15
22.01.2025;Центр;Ярославль;Смирнова А.;P012;"Монитор 24"" FHD";Мониторы;3;16039,87;0,10
09.03.2024;Сибирь;Новосибирск;Лебедев С.;P005;Смартфон Lite;Смартфоны;5;19490,72;0,15
27.05.2025;Юг;Краснодар;Михайлов С.;P010;Зарядка 65 Вт;Аксессуары;2;3691,77;0,00
17.01.2024;Юг;Ростов-на-Дону;Михайлов С.;P011;"Монитор 27"" 4K";Мониторы;2;43832,24;0,10
11.03.2025;Центр;Ярославль;Кузнецов С.;P001;Ноутбук Air 13;Ноутбуки;1;95460,57;0,10
14.02.2024;Северо-Запад;Санкт-Петербург;Попова А.;P015;Умные часы Fit;Гаджеты;3;16230,50;0,00
08.05.2025;Юг;Краснодар;Михайлов С.;P010;Зарядка 65 Вт;Аксессуары;5;3836,49;0,15
17.03.2025;Сибирь;Красноярск;Алексеева А.;P007;Наушники Buds;Аксессуары;4;8843,15;0,00
24.03.2024;Центр;Тула;Смирнова А.;P016;Электронная книга;Гаджеты;1;12554,66;0,00
23.03.2024;Центр;Воронеж;Кузнецов С.;P011;"Монитор 27"" 4K";Мониторы;2;43051,30;0,00
08.05.2025;Урал;Екатеринбург;Волков С.;P013;Планшет Tab 11;Планшеты;1;45164,08;0,00
16.03.2025;Центр;Воронеж;Смирнова А.;P010;Зарядка 65 Вт;Аксессуары;1;3963,46;0,00
27.09.2024;Приволжье;Уфа;Фёдоров С.;P008;Наушники Studio;Аксессуары;3;27724,05;0,00
17.01.2024;Сибирь;Красноярск;Алексеева А.;P013;Планшет Tab 11;Планшеты;1;38370,25;0,10
21.02.2024;Юг;Краснодар;Михайлов С.;P015;Умные часы Fit;Гаджеты;3;16858,33;0,00
28.05.2025;Центр;Воронеж;Смирнова А.;P004;Смартфон S23;Смартфоны;1;69228,35;0,15
13.02.2024;Сибирь;Омск;Лебедев С.;P005;Смартфон Lite;Смартфоны;1;19857,07;0,00
07.01.2025;Сибирь;Омск;Алексеева А.;P010;Зарядка 65 Вт;Аксессуары;2;3661,38;0,00
19.01.2025;Северо-Запад;Калининград;Попова А.;P007;Наушники Buds;Аксессуары;4;9007,62;0,00
15.05.2025;Северо-Запад;Калининград;Попова А.;P007;Наушники Buds;Аксессуары;11;8909,52;0,00
13.04.2024;Сибирь;Красноярск;Алексеева А.;P007;Наушники Buds;Аксессуары;6;8524,65;0,00
17.10.2024;Центр;Москва;Кузнецов С.;P005;Смартфон Lite;Смартфоны;1;20004,50;0,00
11.09.2024;Урал;Челябинск;Волков С.;P010;Зарядка 65 Вт;Аксессуары;8;3738,44;0,00
02.02.2024;Центр;Ярославль;Кузнецов С.;P010;Зарядка 65 Вт;Аксессуары;4;3444,19;0,00
16.07.2024;Северо-Запад;Санкт-Петербург;Васильев С.;P016;Электронная книга;Гаджеты;1;12712,65;0,00
11.10.2024;Центр;Ярославль;Смирнова А.;P009;Чехол кожаный;Аксессуары;16;2158,20;0,00
29.05.2025;Приволжье;Уфа;Новикова А.;P010;Зарядка 65 Вт;Аксессуары;5;4005,68;0,00
07.06.2024;Сибирь;Новосибирск;Алексеева А.;P014;Планшет Mini;Планшеты;1;29684,52;0,00
15.02.2025;Северо-Запад;Калининград;Васильев С.;P009;Чехол кожаный;Аксессуары;7;2267,94;0,00
12.11.2024;Северо-Запад;Калининград;Попова А.;P015;Умные часы Fit;Гаджеты;2;16337,77;0,10
29.07.2024;Сибирь;Новосибирск;Лебедев С.;P016;Электронная книга;Гаджеты;1;13302,03;0,00
24.12.2024;Центр;Москва;Смирнова А.;P003;Ультрабук Slim;Ноутбуки;1;128136,65;0,00
06.06.2025;Северо-Запад;Мурманск;Попова А.;P003;Ультрабук Slim;Ноутбуки;1;128823,63;0,00
15.09.2024;Урал;Екатеринбург;Морозова А.;P009;Чехол кожаный;Аксессуары;3;2166,08;0,00
11.06.2025;Урал;Челябинск;Морозова А.;P012;"Монитор 24"" FHD";Мониторы;1;17256,90;0,15
06.01.2024;Приволжье;Казань;Фёдоров С.;P008;Наушники Studio;Аксессуары;2;24456,23;0,00
31.05.2025;Сибирь;Новосибирск;Алексеева А.;P011;"Монитор 27"" 4K";Мониторы;1;46488,23;0,00
08.07.2024;Центр;Москва;Смирнова А.;P009;Чехол кожаный;Аксессуары;1;2008,27;0,00
25.03.2024;Центр;Москва;Кузнецов С.;P005;Смартфон Lite;Смартфоны;2;19695,56;0,00
23.01.2025;Юг;Ростов-на-Дону;Соколова А.;P010;Зарядка 65 Вт;Аксессуары;6;3655,03;0,15
27.07.2024;Юг;Краснодар;Михайлов С.;P013;Планшет Tab 11;Планшеты;1;42012,93;0,10
03.08.2024;Центр;Воронеж;Смирнова А.;P010;Зарядка 65 Вт;Аксессуары;7;3661,22;0,00
02.03.2025;Центр;Тула;Кузнецов С.;P013;Планшет Tab 11;Планшеты;1;42650,53;0,00
31.07.2024;Центр;Тула;Кузнецов С.;P005;Смартфон Lite;Смартфоны;2;19047,70;0,00
22.05.2024;Дальний Восток;Хабаровск;Егоров С.;P013;Планшет Tab 11;Планшеты;1;42403,90;0,00
05.10.2024;Приволжье;Казань;Фёдоров С.;P015;Умные часы Fit;Гаджеты;2;16139,53;0,15
15.12.2024;Сибирь;Омск;Лебедев С.;P008;Наушники Studio;Аксессуары;2;26206,18;0,05
27.07.2024;Центр;Тула;Смирнова А.;P009;Чехол кожаный;Аксессуары;7;2174,24;0,00
01.05.2025;Юг;Ростов-на-Дону;Михайлов С.;P007;Наушники Buds;Аксессуары;2;8797,44;0,00
24.01.2024;Центр;Ярославль;Кузнецов С.;P010;Зарядка 65 Вт;Аксессуары;8;3370,35;0,15
12.09.2024;Приволжье;Нижний Новгород;Фёдоров С.;P016;Электронная книга;Гаджеты;1;13111,96;0,00
30.10.2024;Центр;Воронеж;Смирнова А.;P003;Ультрабук Slim;Ноутбуки;1;128027,24;0,00
28.02.2024;Приволжье;Казань;Новикова А.;P004;Смартфон S23;Смартфоны;1;66203,58;0,00
09.06.2024;Центр;Тула;Смирнова А.;P011;"Монитор 27"" 4K";Мониторы;2;44732,09;0,05
21.12.2024;Сибирь;Новосибирск;Лебедев С.;P015;Умные часы Fit;Гаджеты;4;16678,81;0,00
10.09.2024;Приволжье;Казань;Фёдоров С.;P008;Наушники Studio;Аксессуары;8;27385,73;0,00
09.05.2025;Северо-Запад;Санкт-Петербург;Васильев С.;P016;Электронная книга;Гаджеты;2;13203,27;0,15
11.12.2024;Приволжье;Уфа;Новикова А.;P012;"Монитор 24"" FHD";Мониторы;4;16045,97;0,00
28.02.2024;Северо-Запад;Санкт-Петербург;Попова А.;P015;Умные часы Fit;Гаджеты;1;16613,59;0,10
07.12.2024;Урал;Екатеринбург;Волков С.;P001;Ноутбук Air 13;Ноутбуки;1;97406,18;0,00
21.02.2025;Центр;Тула;Смирнова А.;P008;Наушники Studio;Аксессуары;4;28348,18;0,05
14.05.2024;Центр;Тула;Кузнецов С.;P012;"Монитор 24"" FHD";Мониторы;3;16104,27;0,00
09.04.2024;Юг;Краснодар;Соколова А.;P016;Электронная книга;Гаджеты;1;12630,96;0,00
16.10.2024;Центр;Тула;Кузнецов С.;P004;Смартфон S23;Смартфоны;2;69067,27;0,00
10.08.2024;Дальний Восток;Хабаровск;Семёнова А.;P005;Смартфон Lite;Смартфоны;3;19851,57;0,00
26.07.2024;Урал;Тюмень;Волков С.;P001;Ноутбук Air 13;Ноутбуки;4;97689,64;0,05
17.06.2024;Урал;Челябинск;Морозова А.;P011;"Монитор 27"" 4K";Мониторы;3;46418,09;0,00
27.01.2024;Урал;Тюмень;Волков С.;P004;Смартфон S23;Смартфоны;1;66139,71;0,00
07.05.2025;Центр;Ярославль;Кузнецов С.;P015;Умные часы Fit;Гаджеты;1;17536,45;0,05
22.01.2025;Центр;Тула;Кузнецов С.;P009;Чехол кожаный;Аксессуары;4;2096,79;0,15
26.02.2025;Урал;Тюмень;Морозова А.;P012;"Монитор 24"" FHD";Мониторы;1;16923,05;0,05
23.06.2025;Приволжье;Уфа;Новикова А.;P014;Планшет Mini;Планшеты;1;32578,81;0,15
27.02.2024;Центр;Тула;Смирнова А.;P009;Чехол кожаный;Аксессуары;3;2091,08;0,00
07.12.2024;Приволжье;Нижний Новгород;Фёдоров С.;P006;Смартфон Max;Смартфоны;2;116918,08;0,00
06.05.2024;Урал;Тюмень;Волков С.;P009;Чехол кожаный;Аксессуары;4;1975,86;0,00
14.03.2024;Северо-Запад;Калининград;Попова А.;P009;Чехол кожаный;Аксессуары;2;2104,00;0,00
30.04.2024;Урал;Екатеринбург;Морозова А.;P009;Чехол кожаный;Аксессуары;5;2018,05;0,00
10.09.2024;Приволжье;Самара;Новикова А.;P015;Умные часы Fit;Гаджеты;1;17416,87;0,10
22.05.2025;Приволжье;Самара;Новикова А.;P010;Зарядка 65 Вт;Аксессуары;3;3882,70;0,00
18.10.2024;Дальний Восток;Владивосток;Семёнова А.;P010;Зарядка 65 Вт;Аксессуары;4;3639,94;0,00
05.06.2024;Юг;Краснодар;Михайлов С.;P006;Смартфон Max;Смартфоны;1;114516,92;0,00
01.10.2024;Центр;Воронеж;Смирнова А.;P016;Электронная книга;Гаджеты;5;13600,53;0,00
16.09.2024;Сибирь;Красноярск;Лебедев С.;P009;Чехол кожаный;Аксессуары;7;2135,15;0,00
21.11.2024;Центр;Ярославль;Кузнецов С.;P009;Чехол кожаный;Аксессуары;2;2220,75;0,05
03.09.2024;Юг;Волгоград;Соколова А.;P009;Чехол кожаный;Аксессуары;2;2180,88;0,05
11.11.2024;Северо-Запад;Мурманск;Попова А.;P015;Умные часы Fit;Гаджеты;2;16583,26;0,00
29.10.2024;Приволжье;Нижний Новгород;Фёдоров С.;P009;Чехол кожаный;Аксессуары;3;2191,85;0,00
16.05.2025;Урал;Екатеринбург;Волков С.;P003;Ультрабук Slim;Ноутбуки;1;128869,74;0,00
27.02.2025;Юг;Краснодар;Михайлов С.;P005;Смартфон Lite;Смартфоны;6;21162,64;0,00
09.01.2025;Центр;Москва;Смирнова А.;P010;Зарядка 65 Вт;Аксессуары;1;3752,04;0,10
06.06.2025;Приволжье;Казань;Новикова А.;P011;"Монитор 27"" 4K";Мониторы;1;46110,72;0,10
17.11.2024;Северо-Запад;Мурманск;Попова А.;P003;Ультрабук Slim;Ноутбуки;1;125791,83;0,00
22.01.2025;Северо-Запад;Санкт-Петербург;Попова А.;P008;Наушники Studio;Аксессуары;2;28263,87;0,00
07.05.2025;Центр;Москва;Кузнецов С.;P008;Наушники Studio;Аксессуары;3;27453,33;0,00
30.07.2024;Центр;Тула;Кузнецов С.;P009;Чехол кожаный;Аксессуары;1;2072,36;0,15
06.11.2024;Северо-Запад;Санкт-Петербург;Васильев С.;P010;Зарядка 65 Вт;Аксессуары;1;3865,14;0,00
18.06.2024;Северо-Запад;Санкт-Петербург;Васильев С.;P006;Смартфон Max;Смартфоны;2;110221,10;0,00
31.10.2024;Урал;Тюмень;Волков С.;P009;Чехол кожаный;Аксессуары;2;2182,95;0,00
16.01.2025;Приволжье;Уфа;Фёдоров С.;P009;Чехол кожаный;Аксессуары;10;2179,13;0,00
28.06.2025;Северо-Запад;Мурманск;Попова А.;P010;Зарядка 65 Вт;Аксессуары;4;3855,99;0,00
09.07.2024;Приволжье;Нижний Новгород;Новикова А.;P009;Чехол кожаный;Аксессуары;18;2011,87;0,00
07.06.2024;Юг;Волгоград;Соколова А.;P009;Чехол кожаный;Аксессуары;2;2048,02;0,00
21.11.2024;Северо-Запад;Санкт-Петербург;Васильев С.;P007;Наушники Buds;Аксессуары;12;8539,10;0,00
12.03.2025;Центр;Москва;Кузнецов С.;P015;Умные часы Fit;Гаджеты;5;17990,07;0,00
06.08.2024;Дальний Восток;Хабаровск;Егоров С.;P007;Наушники Buds;Аксессуары;2;8456,02;0,00
04.11.2024;Юг;Краснодар;Михайлов С.;P003;Ультрабук Slim;Ноутбуки;1;126833,06;0,00
09.01.2024;Северо-Запад;Калининград;Попова А.;P009;Чехол кожаный;Аксессуары;4;2031,59;0,00
05.06.2024;Приволжье;Самара;Новикова А.;P016;Электронная книга;Гаджеты;1;12969,26;0,00
12.02.2025;Сибирь;Омск;Лебедев С.;P012;"Монитор 24"" FHD";Мониторы;3;15712,72;0,15
25.09.2024;Центр;Ярославль;Смирнова А.;P010;Зарядка 65 Вт;Аксессуары;2;3703,15;0,00
02.07.2024;Приволжье;Самара;Новикова А.;P010;Зарядка 65 Вт;Аксессуары;3;3734,52;0,00
28.03.2024;Северо-Запад;Калининград;Васильев С.;P009;Чехол кожаный;Аксессуары;6;1942,33;0,00
13.06.2024;Центр;Москва;Смирнова А.;P015;Умные часы Fit;Гаджеты;4;16073,85;0,10
04.09.2024;Сибирь;Красноярск;Лебедев С.;P004;Смартфон S23;Смартфоны;2;66852,36;0,10
20.12.2024;Урал;Екатеринбург;Волков С.;P007;Наушники Buds;Аксессуары;2;8301,34;0,10
09.09.2024;Юг;Краснодар;Соколова А.;P012;"Монитор 24"" FHD";Мониторы;1;16314,25;0,10
16.04.2024;Центр;Ярославль;Смирнова А.;P009;Чехол кожаный;Аксессуары;2;2126,80;0,10
22.07.2024;Северо-Запад;Санкт-Петербург;Васильев С.;P009;Чехол кожаный;Аксессуары;5;2165,54;0,05
22.05.2025;Центр;Ярославль;Кузнецов С.;P007;Наушники Buds;Аксессуары;5;8694,65;0,00
23.02.2025;Дальний Восток;Владивосток;Семёнова А.;P008;Наушники Studio;Аксессуары;1;26111,73;0,05
09.05.2025;Приволжье;Нижний Новгород;Новикова А.;P013;Планшет Tab 11;Планшеты;1;42589,11;0,00
24.02.2025;Урал;Челябинск;Волков С.;P005;Смартфон Lite;Смартфоны;2;20665,29;0,00
24.03.2025;Сибирь;Омск;Алексеева А.;P009;Чехол кожаный;Аксессуары;14;2121,15;0,15
19.09.2024;Дальний Восток;Владивосток;Семёнова А.;P004;Смартфон S23;Смартфоны;1;65320,01;0,00
08.06.2024;Урал;Екатеринбург;Волков С.;P001;Ноутбук Air 13;Ноутбуки;1;91003,56;0,00
20.06.2025;Северо-Запад;Мурманск;Васильев С.;P016;Электронная книга;Гаджеты;2;13620,41;0,00
12.09.2024;Северо-Запад;Санкт-Петербург;Попова А.;P013;Планшет Tab 11;Планшеты;2;44057,70;0,00
10.02.2024;Юг;Ростов-на-Дону;Соколова А.;P004;Смартфон S23;Смартфоны;1;66841,38;0,00
15.10.2024;Северо-Запад;Мурманск;Васильев С.;P005;Смартфон Lite;Смартфоны;3;20797,32;0,00
22.08.2024;Приволжье;Казань;Фёдоров С.;P009;Чехол кожаный;Аксессуары;2;2161,04;0,00
23.01.2025;Северо-Запад;Мурманск;Васильев С.;P002;Ноутбук Pro 16;Ноутбуки;2;202909,73;0,00
20.04.2025;Сибирь;Омск;Алексеева А.;P014;Планшет Mini;Планшеты;1;31674,23;0,00
09.02.2025;Центр;Москва;Смирнова А.;P012;"Монитор 24"" FHD";Мониторы;1;16237,82;0,00
04.01.2025;Юг;Волгоград;Соколова А.;P007;Наушники Buds;Аксессуары;3;8208,92;0,00
12.01.2025;Северо-Запад;Калининград;Васильев С.;P009;Чехол кожаный;Аксессуары;1;2167,62;0,00
26.03.2025;Центр;Москва;Смирнова А.;P002;Ноутбук Pro 16;Ноутбуки;1;210912,97;0,15
21.03.2025;Урал;Екатеринбург;Морозова А.;P008;Наушники Studio;Аксессуары;1;27058,72;0,00
02.07.2024;Сибирь;Красноярск;Лебедев С.;P009;Чехол кожаный;Аксессуары;3;2063,34;0,00
21.02.2024;Урал;Челябинск;Волков С.;P004;Смартфон S23;Смартфоны;1;66649,51;0,00
06.07.2024;Приволжье;Самара;Новикова А.;P007;Наушники Buds;Аксессуары;4;8212,67;0,00
23.01.2025;Центр;Тула;Кузнецов С.;P014;Планшет Mini;Планшеты;2;29936,65;0,00
30.06.2025;Приволжье;Нижний Новгород;Новикова А.;P001;Ноутбук Air 13;Ноутбуки;1;99019,51;0,00
11.11.2024;Северо-Запад;Мурманск;Попова А.;P009;Чехол кожаный;Аксессуары;3;2196,47;0,00
23.03.2024;Юг;Волгоград;Михайлов С.;P010;Зарядка 65 Вт;Аксессуары;1;3647,96;0,00
26.10.2024;Сибирь;Омск;Алексеева А.;P004;Смартфон S23;Смартфоны;3;66308,10;0,00
04.09.2024;Центр;Ярославль;Смирнова А.;P007;Наушники Buds;Аксессуары;3;8532,69;0,10
18.03.2025;Приволжье;Уфа;Фёдоров С.;P015;Умные часы Fit;Гаджеты;1;17212,83;0,00
23.03.2025;Северо-Запад;Санкт-Петербург;Васильев С.;P011;"Монитор 27"" 4K";Мониторы;3;49238,31;0,00
13.06.2024;Приволжье;Нижний Новгород;Новикова А.;P002;Ноутбук Pro 16;Ноутбуки;2;195770,34;0,10
22.01.2024;Северо-Запад;Калининград;Попова А.;P009;Чехол кожаный;Аксессуары;5;2076,73;0,00
19.06.2024;Приволжье;Казань;Фёдоров С.;P004;Смартфон S23;Смартфоны;2;69120,82;0,00
14.05.2025;Центр;Тула;Кузнецов С.;P013;Планшет Tab 11;Планшеты;3;43565,40;0,00
13.09.2024;Сибирь;Омск;Лебедев С.;P016;Электронная книга;Гаджеты;1;12722,18;0,10
09.05.2024;Урал;Тюмень;Волков С.;P016;Электронная книга;Гаджеты;1;13190,72;0,00
16.02.2024;Северо-Запад;Санкт-Петербург;Васильев С.;P001;Ноутбук Air 13;Ноутбуки;1;95122,40;0,00
20.10.2024;Центр;Тула;Смирнова А.;P009;Чехол кожаный;Аксессуары;4;2072,22;0,10
10.06.2025;Северо-Запад;Мурманск;Попова А.;P012;"Монитор 24"" FHD";Мониторы;12;16883,65;0,00
19.06.2024;Урал;Тюмень;Волков С.;P015;Умные часы Fit;Гаджеты;6;17083,73;0,00
07.07.2024;Приволжье;Казань;Новикова А.;P008;Наушники Studio;Аксессуары;1;26559,75;0,00
29.03.2024;Северо-Запад;Санкт-Петербург;Васильев С.;P011;"Монитор 27"" 4K";Мониторы;1;44408,97;0,00
22.02.2025;Центр;Ярославль;Смирнова А.;P015;Умные часы Fit;Гаджеты;1;17219,91;0,00
24.08.2024;Центр;Воронеж;Смирнова А.;P005;Смартфон Lite;Смартфоны;1;20210,82;0,10
05.01.2025;Центр;Ярославль;Кузнецов С.;P012;"Монитор 24"" FHD";Мониторы;1;16224,89;0,00
20.06.2025;Центр;Тула;Кузнецов С.;P014;Планшет Mini;Планшеты;2;30398,72;0,05
10.04.2024;Урал;Тюмень;Волков С.;P012;"Монитор 24"" FHD";Мониторы;1;15091,56;0,00
12.04.2025;Центр;Воронеж;Смирнова А.;P012;"Монитор 24"" FHD";Мониторы;3;16988,17;0,05
10.01.2024;Сибирь;Омск;Лебедев С.;P001;Ноутбук Air 13;Ноутбуки;3;89914,23;0,15
08.04.2025;Центр;Воронеж;Кузнецов С.;P010;Зарядка 65 Вт;Аксессуары;3;3690,14;0,00
03.05.2024;Урал;Екатеринбург;Волков С.;P016;Электронная книга;Гаджеты;3;12868,49;0,00
04.05.2025;Центр;Ярославль;Смирнова А.;P007;Наушники Buds;Аксессуары;3;8881,33;0,00
24.01.2025;Приволжье;Казань;Новикова А.;P010;Зарядка 65 Вт;Аксессуары;1;3618,42;0,00
08.10.2024;Урал;Челябинск;Морозова А.;P009;Чехол кожаный;Аксессуары;2;2105,04;0,05
07.04.2025;Юг;Волгоград;Михайлов С.;P008;Наушники Studio;Аксессуары;1;26344,70;0,15
06.03.2024;Юг;Волгоград;Михайлов С.;P011;"Монитор 27"" 4K";Мониторы;1;43626,72;0,00
18.04.2025;Дальний Восток;Владивосток;Егоров С.;P007;Наушники Buds;Аксессуары;1;9037,54;0,00
12.06.2024;Центр;Тула;Смирнова А.;P010;Зарядка 65 Вт;Аксессуары;4;3723,83;0,00
18.02.2024;Северо-Запад;Мурманск;Васильев С.;P015;Умные часы Fit;Гаджеты;1;16273,26;0,05
18.05.2025;Центр;Воронеж;Кузнецов С.;P010;Зарядка 65 Вт;Аксессуары;1;3700,81;0,00
20.11.2024;Северо-Запад;Калининград;Попова А.;P010;Зарядка 65 Вт;Аксессуары;4;3727,23;0,05
17.01.2024;Урал;Челябинск;Волков С.;P005;Смартфон Lite;Смартфоны;2;19429,51;0,15
31.05.2024;Северо-Запад;Мурманск;Васильев С.;P009;Чехол кожаный;Аксессуары;3;2157,84;0,00
04.07.2024;Центр;Москва;Кузнецов С.;P011;"Монитор 27"" 4K";Мониторы;1;44143,71;0,00
01.06.2025;Центр;Тула;Смирнова А.;P009;Чехол кожаный;Аксессуары;7;2204,91;0,00
20.01.2025;Северо-Запад;Мурманск;Васильев С.;P007;Наушники Buds;Аксессуары;6;8703,00;0,00
27.11.2024;Урал;Тюмень;Волков С.;P014;Планшет Mini;Планшеты;2;31306,66;0,05
16.06.2024;Центр;Тула;Смирнова А.;P009;Чехол кожаный;Аксессуары;2;2118,08;0,10
27.04.2024;Центр;Тула;Кузнецов С.;P009;Чехол кожаный;Аксессуары;3;1942,67;0,00
15.04.2024;Центр;Воронеж;Смирнова А.;P004;Смартфон S23;Смартфоны;2;66252,25;0,00
16.05.2024;Сибирь;Новосибирск;Лебедев С.;P010;Зарядка 65 Вт;Аксессуары;2;3514,13;0,10
08.03.2024;Юг;Волгоград;Соколова А.;P009;Чехол кожаный;Аксессуары;1;2107,60;0,15
24.10.2024;Центр;Тула;Кузнецов С.;P009;Чехол кожаный;Аксессуары;2;2132,84;0,10
12.03.2025;Северо-Запад;Калининград;Попова А.;P011;"Монитор 27"" 4K";Мониторы;9;48062,07;0,10
21.09.2024;Юг;Волгоград;Михайлов С.;P001;Ноутбук Air 13;Ноутбуки;1;93813,03;0,15
16.01.2024;Центр;Ярославль;Смирнова А.;P012;"Монитор 24"" FHD";Мониторы;1;14851,32;0,05
10.04.2025;Северо-Запад;Калининград;Васильев С.;P007;Наушники Buds;Аксессуары;2;9020,41;0,00
21.04.2025;Урал;Тюмень;Волков С.;P016;Электронная книга;Гаджеты;2;13456,12;0,00
05.09.2024;Урал;Тюмень;Волков С.;P007;Наушники Buds;Аксессуары;2;8427,02;0,10
19.10.2024;Сибирь;Красноярск;Лебедев С.;P010;Зарядка 65 Вт;Аксессуары;3;3843,64;0,00
02.03.2025;Урал;Тюмень;Волков С.;P010;Зарядка 65 Вт;Аксессуары;2;3881,88;0,10
24.05.2024;Юг;Краснодар;Михайлов С.;P002;Ноутбук Pro 16;Ноутбуки;2;192397,73;0,00
19.06.2024;Северо-Запад;Мурманск;Попова А.;P016;Электронная книга;Гаджеты;2;13458,74;0,00
31.08.2024;Приволжье;Казань;Новикова А.;P013;Планшет Tab 11;Планшеты;1;41394,33;0,05
26.04.2024;Приволжье;Самара;Фёдоров С.;P015;Умные часы Fit;Гаджеты;2;15631,86;0,00
12.01.2025;Центр;Ярославль;Кузнецов С.;P009;Чехол кожаный;Аксессуары;3;2087,65;0,05
09.06.2024;Центр;Москва;Смирнова А.;P013;Планшет Tab 11;Планшеты;1;42713,49;0,00
04.03.2024;Юг;Ростов-на-Дону;Соколова А.;P012;"Монитор 24"" FHD";Мониторы;1;14819,60;0,00
21.01.2025;Урал;Тюмень;Морозова А.;P015;Умные часы Fit;Гаджеты;1;18034,62;0,00
23.02.2024;Центр;Тула;Кузнецов С.;P010;Зарядка 65 Вт;Аксессуары;12;3420,91;0,15
31.12.2024;Дальний Восток;Владивосток;Егоров С.;P004;Смартфон S23;Смартфоны;1;69379,24;0,00
22.01.2024;Урал;Тюмень;Волков С.;P007;Наушники Buds;Аксессуары;13;7690,56;0,00
03.09.2024;Урал;Тюмень;Морозова А.;P003;Ультрабук Slim;Ноутбуки;1;131215,30;0,10
14.02.2024;Юг;Волгоград;Михайлов С.;P001;Ноутбук Air 13;Ноутбуки;1;89893,60;0,05
08.02.2024;Центр;Ярославль;Смирнова А.;P010;Зарядка 65 Вт;Аксессуары;3;3558,68;0,00
26.04.2025;Приволжье;Уфа;Фёдоров С.;P015;Умные часы Fit;Гаджеты;1;17395,36;0,05
18.03.2024;Юг;Ростов-на-Дону;Михайлов С.;P009;Чехол кожаный;Аксессуары;1;1948,32;0,00
05.01.2024;Сибирь;Красноярск;Лебедев С.;P002;Ноутбук Pro 16;Ноутбуки;2;185559,58;0,00
09.02.2024;Сибирь;Новосибирск;Лебедев С.;P016;Электронная книга;Гаджеты;1;12316,04;0,00
10.02.2025;Центр;Москва;Смирнова А.;P011;"Монитор 27"" 4K";Мониторы;1;45174,95;0,00
03.11.2024;Урал;Екатеринбург;Волков С.;P002;Ноутбук Pro 16;Ноутбуки;1;199745,42;0,00
07.04.2025;Центр;Воронеж;Смирнова А.;P005;Смартфон Lite;Смартфоны;1;21631,85;0,10
28.03.2024;Урал;Челябинск;Морозова А.;P010;Зарядка 65 Вт;Аксессуары;1;3720,33;0,10
21.04.2024;Центр;Ярославль;Кузнецов С.;P010;Зарядка 65 Вт;Аксессуары;7;3673,46;0,00
19.06.2024;Центр;Воронеж;Кузнецов С.;P011;"Монитор 27"" 4K";Мониторы;4;43541,41;0,15
11.04.2025;Юг;Волгоград;Соколова А.;P008;Наушники Studio;Аксессуары;2;26719,76;0,00
09.10.2024;Северо-Запад;Мурманск;Попова А.;P016;Электронная книга;Гаджеты;2;12694,63;0,00
20.11.2024;Дальний Восток;Владивосток;Семёнова А.;P015;Умные часы Fit;Гаджеты;2;17636,54;0,00
04.06.2024;Центр;Воронеж;Смирнова А.;P014;Планшет Mini;Планшеты;1;30204,08;0,05
08.02.2025;Центр;Тула;Смирнова А.;P001;Ноутбук Air 13;Ноутбуки;4;99237,28;0,00
19.05.2024;Центр;Тула;Смирнова А.;P010;Зарядка 65 Вт;Аксессуары;2;3575,94;0,00
25.06.2025;Центр;Ярославль;Кузнецов С.;P002;Ноутбук Pro 16;Ноутбуки;6;203844,71;0,00
25.02.2024;Центр;Москва;Кузнецов С.;P012;"Монитор 24"" FHD";Мониторы;4;14460,24;0,00
22.09.2024;Центр;Москва;Смирнова А.;P011;"Монитор 27"" 4K";Мониторы;1;45837,77;0,15
18.08.2024;Приволжье;Казань;Новикова А.;P010;Зарядка 65 Вт;Аксессуары;5;3766,39;0,15
31.03.2025;Северо-Запад;Санкт-Петербург;Попова А.;P005;Смартфон Lite;Смартфоны;3;21797,10;0,00
30.06.2024;Сибирь;Омск;Лебедев С.;P015;Умные часы Fit;Гаджеты;1;15943,01;0,00
26.11.2024;Северо-Запад;Санкт-Петербург;Попова А.;P014;Планшет Mini;Планшеты;3;30029,98;0,00
08.05.2025;Приволжье;Казань;Фёдоров С.;P009;Чехол кожаный;Аксессуары;3;2189,65;0,00
15.11.2024;Урал;Екатеринбург;Волков С.;P009;Чехол кожаный;Аксессуары;1;2232,60;0,00
30.09.2024;Центр;Ярославль;Кузнецов С.;P009;Чехол кожаный;Аксессуары;1;2109,46;0,05
12.08.2024;Центр;Тула;Кузнецов С.;P007;Наушники Buds;Аксессуары;1;8012,13;0,00
03.06.2024;Юг;Краснодар;Соколова А.;P016;Электронная книга;Гаджеты;1;13352,91;0,00
30.05.2024;Центр;Москва;Смирнова А.;P009;Чехол кожаный;Аксессуары;4;2065,90;0,00
26.12.2024;Юг;Волгоград;Михайлов С.;P013;Планшет Tab 11;Планшеты;1;44660,08;0,05
07.01.2025;Дальний Восток;Владивосток;Семёнова А.;P012;"Монитор 24"" FHD";Мониторы;1;16404,84;0,00
03.02.2025;Центр;Воронеж;Смирнова А.;P001;Ноутбук Air 13;Ноутбуки;2;101399,22;0,05
13.03.2024;Урал;Челябинск;Волков С.;P014;Планшет Mini;Планшеты;3;28302,41;0,00
30.06.2025;Приволжье;Казань;Новикова А.;P004;Смартфон S23;Смартфоны;4;74070,79;0,00
12.07.2024;Центр;Москва;Смирнова А.;P007;Наушники Buds;Аксессуары;3;8638,62;0,00
26.06.2024;Приволжье;Казань;Новикова А.;P001;Ноутбук Air 13;Ноутбуки;2;97892,10;0,00
08.04.2025;Юг;Ростов-на-Дону;Соколова А.;P012;"Монитор 24"" FHD";Мониторы;1;17093,60;0,05
28.07.2024;Приволжье;Самара;Новикова А.;P014;Планшет Mini;Планшеты;2;28387,27;0,00
04.02.2024;Приволжье;Нижний Новгород;Фёдоров С.;P011;"Монитор 27"" 4K";Мониторы;7;43833,58;0,00
26.03.2025;Приволжье;Нижний Новгород;Новикова А.;P009;Чехол кожаный;Аксессуары;7;2157,00;0,00
21.10.2024;Центр;Воронеж;Кузнецов С.;P010;Зарядка 65 Вт;Аксессуары;5;3609,62;0,00
10.02.2024;Центр;Ярославль;Кузнецов С.;P007;Наушники Buds;Аксессуары;2;8058,99;0,05
10.04.2024;Сибирь;Омск;Лебедев С.;P007;Наушники Buds;Аксессуары;1;8218,54;0,00
16.02.2024;Сибирь;Красноярск;Лебедев С.;P013;Планшет Tab 11;Планшеты;2;40771,15;0,00
02.05.2025;Приволжье;Самара;Новикова А.;P009;Чехол кожаный;Аксессуары;1;2184,86;0,00
22.03.2025;Юг;Краснодар;Соколова А.;P015;Умные часы Fit;Гаджеты;2;17552,22;0,05
04.03.2024;Центр;Ярославль;Смирнова А.;P001;Ноутбук Air 13;Ноутбуки;1;88131,12;0,00
08.02.2024;Юг;Волгоград;Михайлов С.;P011;"Монитор 27"" 4K";Мониторы;1;44315,34;0,10
06.07.2024;Приволжье;Уфа;Новикова А.;P012;"Монитор 24"" FHD";Мониторы;7;15630,75;0,00
10.05.2025;Приволжье;Уфа;Новикова А.;P012;"Монитор 24"" FHD";Мониторы;1;16512,77;0,00
14.02.2025;Приволжье;Казань;Фёдоров С.;P016;Электронная книга;Гаджеты;4;13435,26;0,00
02.03.2024;Северо-Запад;Калининград;Васильев С.;P012;"Монитор 24"" FHD";Мониторы;1;14824,92;0,00
12.03.2025;Юг;Краснодар;Михайлов С.;P005;Смартфон Lite;Смартфоны;1;20532,91;0,10
08.05.2025;Центр;Воронеж;Смирнова А.;P009;Чехол кожаный;Аксессуары;2;2136,19;0,05
22.05.2025;Приволжье;Казань;Фёдоров С.;P009;Чехол кожаный;Аксессуары;3;2164,20;0,00
01.05.2025;Центр;Тула;Кузнецов С.;P012;"Монитор 24"" FHD";Мониторы;3;16453,35;0,15
30.04.2024;Центр;Воронеж;Смирнова А.;P012;"Монитор 24"" FHD";Мониторы;1;14770,30;0,00
19.02.2024;Приволжье;Уфа;Фёдоров С.;P010;Зарядка 65 Вт;Аксессуары;1;3509,10;0,00
05.09.2024;Центр;Воронеж;Смирнова А.;P007;Наушники Buds;Аксессуары;1;8754,69;0,00
15.09.2024;Центр;Москва;Кузнецов С.;P010;Зарядка 65 Вт;Аксессуары;1;3632,48;0,05
02.04.2025;Центр;Москва;Кузнецов С.;P002;Ноутбук Pro 16;Ноутбуки;1;200617,53;0,05
27.05.2024;Приволжье;Самара;Фёдоров С.;P008;Наушники Studio;Аксессуары;1;26832,68;0,00
08.06.2024;Юг;Волгоград;Михайлов С.;P009;Чехол кожаный;Аксессуары;1;1979,55;0,15
10.12.2024;Центр;Москва;Кузнецов С.;P016;Электронная книга;Гаджеты;1;13502,84;0,00
23.02.2025;Центр;Тула;Кузнецов С.;P009;Чехол кожаный;Аксессуары;1;2119,94;0,05
01.05.2025;Центр;Москва;Кузнецов С.;P014;Планшет Mini;Планшеты;4;29441,47;0,15
10.03.2025;Северо-Запад;Санкт-Петербург;Попова А.;P003;Ультрабук Slim;Ноутбуки;1;133114,56;0,10
16.03.2024;Центр;Тула;Смирнова А.;P008;Наушники Studio;Аксессуары;7;26342,96;0,00
08.04.2024;Приволжье;Самара;Фёдоров С.;P010;Зарядка 65 Вт;Аксессуары;4;3702,60;0,00
03.04.2024;Сибирь;Новосибирск;Лебедев С.;P013;Планшет Tab 11;Планшеты;1;39526,87;0,00
10.02.2024;Приволжье;Нижний Новгород;Фёдоров С.;P009;Чехол кожаный;Аксессуары;13;1946,05;0,05
17.09.2024;Центр;Ярославль;Кузнецов С.;P010;Зарядка 65 Вт;Аксессуары;8;3517,29;0,00
20.06.2024;Приволжье;Казань;Фёдоров С.;P016;Электронная книга;Гаджеты;1;13405,43;0,00
10.02.2024;Сибирь;Новосибирск;Лебедев С.;P007;Наушники Buds;Аксессуары;6;8301,60;0,00
16.11.2024;Центр;Воронеж;Кузнецов С.;P009;Чехол кожаный;Аксессуары;1;2070,16;0,00
25.08.2024;Приволжье;Нижний Новгород;Новикова А.;P016;Электронная книга;Гаджеты;2;13292,42;0,15
02.02.2024;Юг;Краснодар;Михайлов С.;P004;Смартфон S23;Смартфоны;1;64365,65;0,00
19.02.2024;Центр;Москва;Смирнова А.;P010;Зарядка 65 Вт;Аксессуары;13;3606,43;0,00
31.01.2024;Центр;Тула;Смирнова А.;P007;Наушники Buds;Аксессуары;4;7765,46;0,00
21.05.2025;Центр;Тула;Смирнова А.;P009;Чехол кожаный;Аксессуары;3;2223,85;0,05
03.12.2024;Центр;Тула;Смирнова А.;P003;Ультрабук Slim;Ноутбуки;2;124772,30;0,00
05.10.2024;Центр;Ярославль;Смирнова А.;P009;Чехол кожаный;Аксессуары;10;2155,73;0,00
29.02.2024;Сибирь;Новосибирск;Алексеева А.;P001;Ноутбук Air 13;Ноутбуки;3;91103,41;0,00
25.03.2024;Сибирь;Омск;Лебедев С.;P005;Смартфон Lite;Смартфоны;4;19588,90;0,00
25.03.2025;Центр;Ярославль;Кузнецов С.;P009;Чехол кожаный;Аксессуары;1;2292,89;0,00
01.03.2024;Приволжье;Самара;Новикова А.;P008;Наушники Studio;Аксессуары;1;25457,25;0,10
30.04.2025;Центр;Воронеж;Смирнова А.;P016;Электронная книга;Гаджеты;7;14287,55;0,00
25.05.2025;Центр;Москва;Кузнецов С.;P009;Чехол кожаный;Аксессуары;2;2237,07;0,00
21.03.2024;Центр;Тула;Кузнецов С.;P016;Электронная книга;Гаджеты;4;13285,66;0,00
24.10.2024;Центр;Тула;Смирнова А.;P007;Наушники Buds;Аксессуары;1;8775,71;0,00
24.12.2024;Центр;Москва;Кузнецов С.;P003;Ультрабук Slim;Ноутбуки;1;134408,51;0,05
25.02.2024;Юг;Ростов-на-Дону;Михайлов С.;P006;Смартфон Max;Смартфоны;2;110519,45;0,10
15.03.2024;Центр;Тула;Смирнова А.;P011;"Монитор 27"" 4K";Мониторы;1;43045,73;0,00
04.02.2025;Приволжье;Самара;Фёдоров С.;P009;Чехол кожаный;Аксессуары;9;2099,00;0,00
13.05.2025;Центр;Москва;Смирнова А.;P010;Зарядка 65 Вт;Аксессуары;5;3843,82;0,15
27.03.2025;Северо-Запад;Мурманск;Попова А.;P009;Чехол кожаный;Аксессуары;4;2271,15;0,00
11.11.2024;Сибирь;Омск;Алексеева А.;P009;Чехол кожаный;Аксессуары;3;2066,94;0,10
27.01.2025;Центр;Тула;Смирнова А.;P010;Зарядка 65 Вт;Аксессуары;5;3959,81;0,00
22.05.2024;Северо-Запад;Калининград;Попова А.;P002;Ноутбук Pro 16;Ноутбуки;1;192573,44;0,10
15.04.2025;Приволжье;Самара;Фёдоров С.;P009;Чехол кожаный;Аксессуары;1;2257,12;0,00
04.05.2025;Дальний Восток;Владивосток;Егоров С.;P010;Зарядка 65 Вт;Аксессуары;8;3990,31;0,00
18.04.2024;Дальний Восток;Владивосток;Егоров С.;P010;Зарядка 65 Вт;Аксессуары;1;3645,96;0,00
25.02.2024;Центр;Москва;Кузнецов С.;P015;Умные часы Fit;Гаджеты;2;16142,88;0,05
06.06.2025;Юг;Краснодар;Михайлов С.;P014;Планшет Mini;Планшеты;1;32680,03;0,00
21.10.2024;Приволжье;Самара;Фёдоров С.;P007;Наушники Buds;Аксессуары;5;8553,25;0,00
06.06.2024;Урал;Челябинск;Морозова А.;P007;Наушники Buds;Аксессуары;8;8400,33;0,00
10.01.2025;Северо-Запад;Санкт-Петербург;Попова А.;P008;Наушники Studio;Аксессуары;3;26661,64;0,00
30.04.2024;Приволжье;Самара;Новикова А.;P008;Наушники Studio;Аксессуары;1;25360,04;0,00
06.06.2024;Центр;Москва;Смирнова А.;P002;Ноутбук Pro 16;Ноутбуки;1;198412,97;0,00
16.11.2024;Сибирь;Красноярск;Лебедев С.;P001;Ноутбук Air 13;Ноутбуки;3;99161,61;0,15
11.11.2024;Центр;Тула;Смирнова А.;P016;Электронная книга;Гаджеты;1;13584,99;0,00
03.04.2024;Центр;Воронеж;Смирнова А.;P008;Наушники Studio;Аксессуары;1;24731,15;0,00
31.03.2025;Центр;Москва;Кузнецов С.;P007;Наушники Buds;Аксессуары;11;8667,39;0,00
08.04.2025;Северо-Запад;Калининград;Попова А.;P011;"Монитор 27"" 4K";Мониторы;1;46691,98;0,00
13.09.2024;Центр;Воронеж;Смирнова А.;P003;Ультрабук Slim;Ноутбуки;2;124911,84;0,00
18.07.2024;Центр;Ярославль;Смирнова А.;P009;Чехол кожаный;Аксессуары;2;2028,88;0,00
22.08.2024;Центр;Москва;Кузнецов С.;P012;"Монитор 24"" FHD";Мониторы;1;16118,38;0,00
17.12.2024;Приволжье;Казань;Новикова А.;P001;Ноутбук Air 13;Ноутбуки;1;98960,26;0,00
07.06.2025;Приволжье;Самара;Новикова А.;P010;Зарядка 65 Вт;Аксессуары;1;3850,16;0,00
10.01.2025;Центр;Тула;Смирнова А.;P003;Ультрабук Slim;Ноутбуки;1;126827,34;0,00
14.04.2024;Приволжье;Уфа;Новикова А.;P008;Наушники Studio;Аксессуары;2;24787,79;0,10
02.02.2024;Северо-Запад;Калининград;Попова А.;P015;Умные часы Fit;Гаджеты;3;16789,32;0,00
05.04.2024;Центр;Воронеж;Кузнецов С.;P007;Наушники Buds;Аксессуары;1;8003,27;0,00
21.04.2025;Центр;Тула;Кузнецов С.;P010;Зарядка 65 Вт;Аксессуары;4;3770,66;0,00
18.01.2025;Центр;Тула;Кузнецов С.;P008;Наушники Studio;Аксессуары;1;26852,59;0,00
07.10.2024;Северо-Запад;Калининград;Васильев С.;P003;Ультрабук Slim;Ноутбуки;1;131156,19;0,00
29.09.2024;Приволжье;Уфа;Новикова А.;P010;Зарядка 65 Вт;Аксессуары;10;3855,94;0,00
28.09.2024;Юг;Краснодар;Соколова А.;P012;"Монитор 24"" FHD";Мониторы;1;16627,16;0,00
26.03.2024;Сибирь;Красноярск;Лебедев С.;P009;Чехол кожаный;Аксессуары;2;1943,67;0,00
13.12.2024;Центр;Москва;Кузнецов С.;P010;Зарядка 65 Вт;Аксессуары;5;3861,07;0,00
01.07.2024;Дальний Восток;Владивосток;Егоров С.;P011;"Монитор 27"" 4K";Мониторы;6;46566,33;0,00
11.07.2024;Приволжье;Нижний Новгород;Фёдоров С.;P016;Электронная книга;Гаджеты;1;13219,51;0,10
19.01.2024;Юг;Ростов-на-Дону;Михайлов С.;P007;Наушники Buds;Аксессуары;1;7780,68;0,00
02.03.2024;Приволжье;Нижний Новгород;Фёдоров С.;P004;Смартфон S23;Смартфоны;8;68227,20;0,00
28.11.2024;Центр;Ярославль;Кузнецов С.;P004;Смартфон S23;Смартфоны;3;67514,65;0,00
23.02.2025;Центр;Воронеж;Смирнова А.;P009;Чехол кожаный;Аксессуары;7;2201,84;0,00
03.04.2025;Северо-Запад;Калининград;Попова А.;P010;Зарядка 65 Вт;Аксессуары;2;3703,23;0,00
28.04.2024;Центр;Воронеж;Смирнова А.;P011;"Монитор 27"" 4K";Мониторы;1;43077,33;0,00
28.05.2024;Сибирь;Красноярск;Лебедев С.;P015;Умные часы Fit;Гаджеты;2;16266,74;0,10
25.04.2024;Приволжье;Уфа;Новикова А.;P002;Ноутбук Pro 16;Ноутбуки;1;186180,80;0,10
27.05.2025;Приволжье;Казань;Фёдоров С.;P007;Наушники Buds;Аксессуары;2;9273,58;0,00
15.11.2024;Сибирь;Новосибирск;Лебедев С.;P007;Наушники Buds;Аксессуары;6;8966,75;0,00
04.05.2025;Юг;Краснодар;Михайлов С.;P013;Планшет Tab 11;Планшеты;1;42230,97;0,15
02.08.2024;Юг;Ростов-на-Дону;Михайлов С.;P006;Смартфон Max;Смартфоны;5;112492,01;0,05
13.02.2024;Юг;Ростов-на-Дону;Михайлов С.;P012;"Монитор 24"" FHD";Мониторы;1;15869,39;0,15
17.09.2024;Центр;Тула;Кузнецов С.;P016;Электронная книга;Гаджеты;5;13003,06;0,15
03.05.2025;Центр;Ярославль;Кузнецов С.;P010;Зарядка 65 Вт;Аксессуары;1;4039,67;0,00
26.01.2025;Приволжье;Нижний Новгород;Новикова А.;P015;Умные часы Fit;Гаджеты;4;17582,02;0,15
14.08.2024;Приволжье;Казань;Фёдоров С.;P009;Чехол кожаный;Аксессуары;6;2145,73;0,00
03.11.2024;Центр;Тула;Смирнова А.;P010;Зарядка 65 Вт;Аксессуары;2;3653,17;0,05
24.07.2024;Сибирь;Красноярск;Алексеева А.;P015;Умные часы Fit;Гаджеты;1;16833,28;0,00
15.07.2024;Центр;Ярославль;Кузнецов С.;P010;Зарядка 65 Вт;Аксессуары;1;3756,92;0,00
19.06.2024;Юг;Волгоград;Михайлов С.;P001;Ноутбук Air 13;Ноутбуки;2;94344,82;0,00
01.04.2024;Центр;Ярославль;Кузнецов С.;P009;Чехол кожаный;Аксессуары;1;2021,66;0,00
13.07.2024;Приволжье;Самара;Фёдоров С.;P013;Планшет Tab 11;Планшеты;1;41660,53;0,00
07.03.2025;Сибирь;Омск;Алексеева А.;P016;Электронная книга;Гаджеты;4;13001,25;0,10
25.12.2024;Центр;Воронеж;Кузнецов С.;P007;Наушники Buds;Аксессуары;1;8904,81;0,00
18.07.2024;Центр;Ярославль;Смирнова А.;P016;Электронная книга;Гаджеты;2;12694,62;0,00
11.06.2025;Центр;Ярославль;Кузнецов С.;P005;Смартфон Lite;Смартфоны;1;20383,99;0,05
23.06.2025;Центр;Воронеж;Смирнова А.;P003;Ультрабук Slim;Ноутбуки;1;128546,65;0,00
28.02.2024;Приволжье;Уфа;Фёдоров С.;P008;Наушники Studio;Аксессуары;1;25560,53;0,00
26.07.2024;Северо-Запад;Мурманск;Васильев С.;P006;Смартфон Max;Смартфоны;3;113061,38;0,00
26.12.2024;Дальний Восток;Хабаровск;Семёнова А.;P009;Чехол кожаный;Аксессуары;2;2178,58;0,15
15.06.2024;Центр;Москва;Смирнова А.;P006;Смартфон Max;Смартфоны;1;109018,04;0,00
16.08.2024;Урал;Тюмень;Морозова А.;P004;Смартфон S23;Смартфоны;2;65308,96;0,15
09.02.2025;Юг;Ростов-на-Дону;Соколова А.;P004;Смартфон S23;Смартфоны;1;72870,74;0,00
23.09.2024;Центр;Тула;Кузнецов С.;P009;Чехол кожаный;Аксессуары;6;2011,02;0,00
16.01.2024;Дальний Восток;Хабаровск;Егоров С.;P009;Чехол кожаный;Аксессуары;1;1919,97;0,00
16.05.2025;Приволжье;Уфа;Новикова А.;P009;Чехол кожаный;Аксессуары;4;2163,62;0,00
13.01.2024;Юг;Краснодар;Соколова А.;P015;Умные часы Fit;Гаджеты;1;15571,19;0,05
13.09.2024;Приволжье;Нижний Новгород;Фёдоров С.;P015;Умные часы Fit;Гаджеты;1;16263,17;0,00
01.02.2025;Центр;Воронеж;Смирнова А.;P010;Зарядка 65 Вт;Аксессуары;3;3806,81;0,00
28.08.2024;Северо-Запад;Санкт-Петербург;Попова А.;P008;Наушники Studio;Аксессуары;1;27367,01;0,00
17.03.2025;Урал;Тюмень;Морозова А.;P016;Электронная книга;Гаджеты;3;13977,55;0,00
02.01.2025;Северо-Запад;Мурманск;Васильев С.;P015;Умные часы Fit;Гаджеты;1;16469,09;0,00
14.04.2025;Приволжье;Самара;Фёдоров С.;P010;Зарядка 65 Вт;Аксессуары;3;3811,44;0,05
13.11.2024;Северо-Запад;Мурманск;Васильев С.;P016;Электронная книга;Гаджеты;4;12700,40;0,00
15.08.2024;Приволжье;Нижний Новгород;Новикова А.;P003;Ультрабук Slim;Ноутбуки;3;131774,52;0,00
13.05.2025;Юг;Ростов-на-Дону;Соколова А.;P001;Ноутбук Air 13;Ноутбуки;2;96820,21;0,00
26.11.2024;Центр;Воронеж;Кузнецов С.;P009;Чехол кожаный;Аксессуары;1;2109,73;0,00
29.12.2024;Сибирь;Красноярск;Алексеева А.;P014;Планшет Mini;Планшеты;4;30828,22;0,00
09.06.2025;Приволжье;Казань;Новикова А.;P016;Электронная книга;Гаджеты;1;14334,39;0,00
26.12.2024;Центр;Воронеж;Кузнецов С.;P005;Смартфон Lite;Смартфоны;2;19673,41;0,05
29.08.2024;Центр;Воронеж;Смирнова А.;P006;Смартфон Max;Смартфоны;1;112697,41;0,00
26.11.2024;Юг;Ростов-на-Дону;Соколова А.;P011;"Монитор 27"" 4K";Мониторы;2;43909,93;0,00
04.04.2025;Юг;Ростов-на-Дону;Соколова А.;P012;"Монитор 24"" FHD";Мониторы;1;15912,72;0,00
15.02.2025;Центр;Москва;Смирнова А.;P010;Зарядка 65 Вт;Аксессуары;2;3625,24;0,00
07.08.2024;Центр;Тула;Кузнецов С.;P002;Ноутбук Pro 16;Ноутбуки;1;199522,41;0,00
20.05.2024;Центр;Тула;Кузнецов С.;P011;"Монитор 27"" 4K";Мониторы;1;46482,77;0,00
04.01.2025;Сибирь;Новосибирск;Алексеева А.;P014;Планшет Mini;Планшеты;5;30398,90;0,05
26.03.2024;Юг;Волгоград;Соколова А.;P012;"Монитор 24"" FHD";Мониторы;3;14957,31;0,00
30.05.2024;Дальний Восток;Хабаровск;Семёнова А.;P009;Чехол кожаный;Аксессуары;8;2094,76;0,00
05.06.2025;Урал;Челябинск;Морозова А.;P007;Наушники Buds;Аксессуары;8;8697,63;0,10
18.03.2025;Приволжье;Нижний Новгород;Фёдоров С.;P001;Ноутбук Air 13;Ноутбуки;1;98441,25;0,00
11.09.2024;Сибирь;Красноярск;Лебедев С.;P004;Смартфон S23;Смартфоны;2;67134,85;0,05
05.08.2024;Юг;Краснодар;Михайлов С.;P007;Наушники Buds;Аксессуары;1;8451,33;0,00
21.04.2025;Центр;Ярославль;Кузнецов С.;P014;Планшет Mini;Планшеты;1;30171,30;0,00
14.02.2025;Сибирь;Новосибирск;Алексеева А.;P010;Зарядка 65 Вт;Аксессуары;2;3813,00;0,15
07.06.2025;Дальний Восток;Владивосток;Егоров С.;P015;Умные часы Fit;Гаджеты;1;17534,56;0,00
19.06.2025;Северо-Запад;Мурманск;Васильев С.;P015;Умные часы Fit;Гаджеты;2;17964,68;0,00
26.10.2024;Центр;Тула;Кузнецов С.;P009;Чехол кожаный;Аксессуары;4;2132,83;0,00
01.01.2024;Центр;Воронеж;Смирнова А.;P014;Планшет Mini;Планшеты;2;26985,15;0,00
01.04.2024;Урал;Екатеринбург;Морозова А.;P010;Зарядка 65 Вт;Аксессуары;3;3382,34;0,00
16.11.2024;Центр;Ярославль;Кузнецов С.;P009;Чехол кожаный;Аксессуары;13;2202,20;0,00
10.12.2024;Урал;Екатеринбург;Морозова А.;P005;Смартфон Lite;Смартфоны;2;19991,21;0,00
18.08.2024;Приволжье;Уфа;Фёдоров С.;P012;"Монитор 24"" FHD";Мониторы;1;15183,52;0,00
13.06.2024;Урал;Тюмень;Морозова А.;P007;Наушники Buds;Аксессуары;3;8607,25;0,05
08.11.2024;Дальний Восток;Владивосток;Егоров С.;P011;"Монитор 27"" 4K";Мониторы;4;43845,79;0,00
14.04.2024;Северо-Запад;Мурманск;Васильев С.;P002;Ноутбук Pro 16;Ноутбуки;3;189973,83;0,00
30.05.2025;Приволжье;Уфа;Фёдоров С.;P009;Чехол кожаный;Аксессуары;1;2181,04;0,00
30.10.2024;Юг;Краснодар;Соколова А.;P013;Планшет Tab 11;Планшеты;1;41227,49;0,00
25.06.2025;Дальний Восток;Хабаровск;Егоров С.;P015;Умные часы Fit;Гаджеты;2;18317,64;0,00
29.04.2025;Центр;Воронеж;Кузнецов С.;P006;Смартфон Max;Смартфоны;3;118813,13;0,05
17.09.2024;Центр;Ярославль;Смирнова А.;P010;Зарядка 65 Вт;Аксессуары;5;3697,32;0,00
07.11.2024;Центр;Москва;Смирнова А.;P013;Планшет Tab 11;Планшеты;2;40890,75;0,00
05.01.2024;Юг;Ростов-на-Дону;Соколова А.;P015;Умные часы Fit;Гаджеты;2;15714,54;0,00
15.06.2025;Приволжье;Казань;Новикова А.;P010;Зарядка 65 Вт;Аксессуары;5;4008,17;0,00
18.12.2024;Центр;Тула;Кузнецов С.;P009;Чехол кожаный;Аксессуары;8;2119,91;0,05
28.01.2024;Центр;Тула;Кузнецов С.;P010;Зарядка 65 Вт;Аксессуары;1;3453,90;0,00
10.09.2024;Центр;Москва;Смирнова А.;P013;Планшет Tab 11;Планшеты;1;43329,68;0,15
05.03.2024;Дальний Восток;Владивосток;Семёнова А.;P002;Ноутбук Pro 16;Ноутбуки;4;185434,85;0,00
09.11.2024;Приволжье;Казань;Новикова А.;P015;Умные часы Fit;Гаджеты;1;16534,74;0,00
19.03.2024;Урал;Челябинск;Волков С.;P008;Наушники Studio;Аксессуары;1;25427,84;0,05
05.03.2024;Юг;Краснодар;Соколова А.;P014;Планшет Mini;Планшеты;4;28526,82;0,00
11.10.2024;Приволжье;Казань;Новикова А.;P002;Ноутбук Pro 16;Ноутбуки;1;194541,59;0,15
25.01.2024;Юг;Волгоград;Соколова А.;P010;Зарядка 65 Вт;Аксессуары;1;3341,24;0,00
27.12.2024;Северо-Запад;Калининград;Попова А.;P010;Зарядка 65 Вт;Аксессуары;6;3757,30;0,05
14.05.2025;Северо-Запад;Мурманск;Васильев С.;P012;"Монитор 24"" FHD";Мониторы;3;17184,32;0,00
09.08.2024;Северо-Запад;Мурманск;Васильев С.;P005;Смартфон Lite;Смартфоны;3;18951,95;0,00
29.08.2024;Центр;Москва;Смирнова А.;P013;Планшет Tab 11;Планшеты;2;42012,05;0,00
27.01.2025;Центр;Тула;Смирнова А.;P011;"Монитор 27"" 4K";Мониторы;5;48932,72;0,00
22.04.2025;Центр;Москва;Смирнова А.;P007;Наушники Buds;Аксессуары;1;8657,32;0,00
06.03.2024;Приволжье;Нижний Новгород;Фёдоров С.;P007;Наушники Buds;Аксессуары;5;8150,97;0,00
28.06.2024;Центр;Москва;Смирнова А.;P009;Чехол кожаный;Аксессуары;1;2006,79;0,00
11.05.2025;Центр;Ярославль;Кузнецов С.;P008;Наушники Studio;Аксессуары;2;28566,00;0,00
15.08.2024;Урал;Тюмень;Морозова А.;P012;"Монитор 24"" FHD";Мониторы;1;15789,98;0,15
12.06.2024;Центр;Москва;Смирнова А.;P014;Планшет Mini;Планшеты;1;27753,84;0,00
17.03.2025;Сибирь;Красноярск;Лебедев С.;P010;Зарядка 65 Вт;Аксессуары;3;3961,79;0,00
25.02.2025;Центр;Москва;Смирнова А.;P012;"Монитор 24"" FHD";Мониторы;1;16357,57;0,00
07.01.2025;Центр;Тула;Кузнецов С.;P009;Чехол кожаный;Аксессуары;11;2114,30;0,00
17.04.2025;Северо-Запад;Санкт-Петербург;Попова А.;P005;Смартфон Lite;Смартфоны;4;20027,31;0,00
25.04.2025;Сибирь;Красноярск;Лебедев С.;P009;Чехол кожаный;Аксессуары;4;2285,40;0,00
19.01.2024;Центр;Ярославль;Кузнецов С.;P009;Чехол кожаный;Аксессуары;1;1947,41;0,00
14.10.2024;Центр;Ярославль;Кузнецов С.;P015;Умные часы Fit;Гаджеты;1;16378,20;0,00
29.10.2024;Юг;Волгоград;Соколова А.;P008;Наушники Studio;Аксессуары;3;27173,95;0,00
28.01.2024;Центр;Тула;Кузнецов С.;P015;Умные часы Fit;Гаджеты;3;15996,39;0,05
04.02.2024;Приволжье;Нижний Новгород;Фёдоров С.;P009;Чехол кожаный;Аксессуары;2;2071,29;0,05
19.09.2024;Дальний Восток;Владивосток;Семёнова А.;P002;Ноутбук Pro 16;Ноутбуки;2;201549,21;0,00
20.04.2024;Сибирь;Красноярск;Лебедев С.;P002;Ноутбук Pro 16;Ноутбуки;1;190465,20;0,15
05.08.2024;Приволжье;Казань;Новикова А.;P013;Планшет Tab 11;Планшеты;2;42756,66;0,00
26.03.2025;Юг;Волгоград;Михайлов С.;P005;Смартфон Lite;Смартфоны;1;20097,35;0,00
03.02.2024;Северо-Запад;Мурманск;Васильев С.;P010;Зарядка 65 Вт;Аксессуары;1;3615,19;0,05
19.10.2024;Юг;Краснодар;Соколова А.;P001;Ноутбук Air 13;Ноутбуки;2;97434,34;0,00
13.11.2024;Сибирь;Новосибирск;Лебедев С.;P007;Наушники Buds;Аксессуары;5;8333,59;0,00
27.02.2024;Центр;Ярославль;Кузнецов С.;P012;"Монитор 24"" FHD";Мониторы;1;15466,47;0,00
12.06.2025;Дальний Восток;Хабаровск;Егоров С.;P007;Наушники Buds;Аксессуары;1;8766,65;0,00
22.08.2024;Приволжье;Казань;Новикова А.;P008;Наушники Studio;Аксессуары;3;27048,12;0,05
25.05.2025;Юг;Краснодар;Михайлов С.;P004;Смартфон S23;Смартфоны;3;73515,66;0,00
11.07.2024;Юг;Волгоград;Михайлов С.;P005;Смартфон Lite;Смартфоны;2;19707,32;0,00
24.04.2025;Юг;Ростов-на-Дону;Михайлов С.;P014;Планшет Mini;Планшеты;2;30504,93;0,00
15.05.2024;Северо-Запад;Калининград;Попова А.;P003;Ультрабук Slim;Ноутбуки;1;120903,77;0,00
21.05.2025;Приволжье;Уфа;Фёдоров С.;P009;Чехол кожаный;Аксессуары;4;2295,55;0,05
05.07.2024;Сибирь;Омск;Алексеева А.;P004;Смартфон S23;Смартфоны;1;65997,72;0,00
29.07.2024;Северо-Запад;Санкт-Петербург;Васильев С.;P009;Чехол кожаный;Аксессуары;2;2032,47;0,15
07.02.2025;Приволжье;Казань;Новикова А.;P009;Чехол кожаный;Аксессуары;2;2109,07;0,00
27.04.2025;Северо-Запад;Мурманск;Васильев С.;P009;Чехол кожаный;Аксессуары;2;2232,51;0,00
06.11.2024;Юг;Волгоград;Михайлов С.;P004;Смартфон S23;Смартфоны;1;66119,63;0,10
28.12.2024;Приволжье;Уфа;Фёдоров С.;P010;Зарядка 65 Вт;Аксессуары;2;3788,09;0,00
31.10.2024;Урал;Екатеринбург;Волков С.;P015;Умные часы Fit;Гаджеты;4;17374,49;0,00
06.02.2024;Центр;Ярославль;Кузнецов С.;P015;Умные часы Fit;Гаджеты;4;15453,62;0,00
13.04.2025;Приволжье;Уфа;Фёдоров С.;P009;Чехол кожаный;Аксессуары;5;2211,87;0,00
11.02.2024;Юг;Волгоград;Михайлов С.;P007;Наушники Buds;Аксессуары;6;7893,00;0,05
12.11.2024;Сибирь;Красноярск;Лебедев С.;P002;Ноутбук Pro 16;Ноутбуки;2;199903,66;0,05
05.01.2024;Сибирь;Новосибирск;Лебедев С.;P013;Планшет Tab 11;Планшеты;3;40397,55;0,00
26.03.2025;Урал;Челябинск;Морозова А.;P014;Планшет Mini;Планшеты;3;29892,40;0,00
27.02.2025;Центр;Москва;Смирнова А.;P007;Наушники Buds;Аксессуары;2;9096,53;0,00
06.09.2024;Центр;Ярославль;Кузнецов С.;P005;Смартфон Lite;Смартфоны;3;19245,26;0,10
10.06.2024;Приволжье;Самара;Фёдоров С.;P009;Чехол кожаный;Аксессуары;7;1960,20;0,00
27.04.2025;Сибирь;Красноярск;Лебедев С.;P004;Смартфон S23;Смартфоны;3;68811,39;0,00
07.02.2024;Центр;Тула;Смирнова А.;P015;Умные часы Fit;Гаджеты;1;16418,28;0,10
21.04.2024;Юг;Волгоград;Соколова А.;P007;Наушники Buds;Аксессуары;1;8359,57;0,10
23.10.2024;Центр;Воронеж;Кузнецов С.;P009;Чехол кожаный;Аксессуары;3;2039,60;0,10
08.08.2024;Северо-Запад;Мурманск;Попова А.;P010;Зарядка 65 Вт;Аксессуары;10;3562,08;0,10
22.02.2025;Урал;Челябинск;Морозова А.;P001;Ноутбук Air 13;Ноутбуки;2;94504,42;0,10
15.05.2024;Сибирь;Красноярск;Лебедев С.;P012;"Монитор 24"" FHD";Мониторы;2;15485,61;0,15
02.02.2025;Центр;Ярославль;Кузнецов С.;P009;Чехол кожаный;Аксессуары;6;2199,89;0,10
02.09.2024;Урал;Тюмень;Волков С.;P013;Планшет Tab 11;Планшеты;1;41898,35;0,00
29.07.2024;Центр;Москва;Смирнова А.;P016;Электронная книга;Гаджеты;3;12601,24;0,15
06.05.2024;Приволжье;Казань;Фёдоров С.;P009;Чехол кожаный;Аксессуары;8;2014,35;0,00
05.10.2024;Сибирь;Красноярск;Лебедев С.;P009;Чехол кожаный;Аксессуары;7;2137,86;0,00
17.01.2024;Приволжье;Казань;Новикова А.;P009;Чехол кожаный;Аксессуары;1;2000,36;0,00
15.03.2025;Центр;Воронеж;Кузнецов С.;P014;Планшет Mini;Планшеты;3;30488,11;0,00
25.01.2025;Северо-Запад;Калининград;Васильев С.;P013;Планшет Tab 11;Планшеты;4;41303,85;0,10
26.04.2025;Центр;Тула;Кузнецов С.;P002;Ноутбук Pro 16;Ноутбуки;5;198944,47;0,00
29.07.2024;Сибирь;Новосибирск;Лебедев С.;P012;"Монитор 24"" FHD";Мониторы;1;15065,76;0,05
05.05.2025;Центр;Тула;Смирнова А.;P005;Смартфон Lite;Смартфоны;3;20911,13;0,00
16.04.2024;Дальний Восток;Владивосток;Егоров С.;P016;Электронная книга;Гаджеты;1;12979,60;0,00
27.03.2025;Юг;Волгоград;Соколова А.;P011;"Монитор 27"" 4K";Мониторы;3;45966,35;0,05
22.08.2024;Урал;Челябинск;Волков С.;P016;Электронная книга;Гаджеты;6;13034,06;0,00
03.03.2025;Дальний Восток;Хабаровск;Егоров С.;P006;Смартфон Max;Смартфоны;2;120694,36;0,00
30.04.2025;Урал;Тюмень;Волков С.;P016;Электронная книга;Гаджеты;1;14227,30;0,00
12.08.2024;Сибирь;Омск;Алексеева А.;P015;Умные часы Fit;Гаджеты;1;16162,40;0,05
10.02.2024;Приволжье;Уфа;Новикова А.;P015;Умные часы Fit;Гаджеты;1;15325,22;0,00
05.03.2025;Центр;Москва;Кузнецов С.;P010;Зарядка 65 Вт;Аксессуары;5;3930,59;0,10
13.03.2025;Сибирь;Новосибирск;Алексеева А.;P008;Наушники Studio;Аксессуары;7;26015,30;0,00
10.11.2024;Центр;Москва;Смирнова А.;P016;Электронная книга;Гаджеты;1;13809,89;0,00
13.01.2025;Центр;Ярославль;Кузнецов С.;P012;"Монитор 24"" FHD";Мониторы;6;16444,11;0,00
29.03.2024;Центр;Тула;Кузнецов С.;P010;Зарядка 65 Вт;Аксессуары;6;3474,87;0,15
16.09.2024;Юг;Ростов-на-Дону;Михайлов С.;P011;"Монитор 27"" 4K";Мониторы;3;46564,51;0,00
01.04.2024;Центр;Москва;Кузнецов С.;P011;"Монитор 27"" 4K";Мониторы;3;44735,59;0,00
12.04.2024;Дальний Восток;Хабаровск;Егоров С.;P012;"Монитор 24"" FHD";Мониторы;2;15827,42;0,05
23.03.2024;Центр;Воронеж;Смирнова А.;P009;Чехол кожаный;Аксессуары;7;2086,18;0,00
29.03.2024;Северо-Запад;Мурманск;Васильев С.;P016;Электронная книга;Гаджеты;8;12565,45;0,10
04.11.2024;Приволжье;Казань;Фёдоров С.;P009;Чехол кожаный;Аксессуары;2;2142,02;0,10
04.03.2025;Приволжье;Казань;Новикова А.;P013;Планшет Tab 11;Планшеты;2;45657,44;0,00
26.10.2024;Приволжье;Нижний Новгород;Фёдоров С.;P012;"Монитор 24"" FHD";Мониторы;2;15736,57;0,10
25.07.2024;Урал;Тюмень;Морозова А.;P016;Электронная книга;Гаджеты;1;13152,04;0,05
16.04.2024;Урал;Челябинск;Волков С.;P012;"Монитор 24"" FHD";Мониторы;1;14704,60;0,05
04.02.2024;Северо-Запад;Мурманск;Васильев С.;P007;Наушники Buds;Аксессуары;5;8057,39;0,00
17.02.2025;Центр;Москва;Кузнецов С.;P005;Смартфон Lite;Смартфоны;1;21330,65;0,00
23.06.2025;Урал;Челябинск;Морозова А.;P014;Планшет Mini;Планшеты;2;32212,99;0,10
02.10.2024;Центр;Москва;Кузнецов С.;P014;Планшет Mini;Планшеты;5;29672,10;0,00
15.09.2024;Центр;Воронеж;Кузнецов С.;P011;"Монитор 27"" 4K";Мониторы;2;43242,82;0,00
15.10.2024;Северо-Запад;Калининград;Попова А.;P009;Чехол кожаный;Аксессуары;1;2152,66;0,00
10.01.2025;Урал;Екатеринбург;Волков С.;P016;Электронная книга;Гаджеты;1;13502,46;0,00
17.02.2025;Центр;Воронеж;Кузнецов С.;P009;Чехол кожаный;Аксессуары;4;2257,11;0,10
22.02.2024;Приволжье;Уфа;Новикова А.;P009;Чехол кожаный;Аксессуары;2;1966,62;0,00
26.07.2024;Центр;Москва;Смирнова А.;P002;Ноутбук Pro 16;Ноутбуки;1;192033,53;0,00
24.10.2024;Центр;Москва;Кузнецов С.;P016;Электронная книга;Гаджеты;3;12959,13;0,00
18.01.2024;Урал;Челябинск;Волков С.;P009;Чехол кожаный;Аксессуары;2;2090,67;0,00
20.03.2024;Юг;Ростов-на-Дону;Соколова А.;P014;Планшет Mini;Планшеты;1;27967,61;0,00
18.01.2024;Сибирь;Красноярск;Лебедев С.;P008;Наушники Studio;Аксессуары;1;25612,83;0,00
12.06.2024;Центр;Ярославль;Смирнова А.;P014;Планшет Mini;Планшеты;2;29063,96;0,00
10.08.2024;Центр;Москва;Кузнецов С.;P011;"Монитор 27"" 4K";Мониторы;1;43257,12;0,05
26.12.2024;Центр;Тула;Смирнова А.;P001;Ноутбук Air 13;Ноутбуки;2;93109,67;0,00
28.11.2024;Приволжье;Нижний Новгород;Новикова А.;P008;Наушники Studio;Аксессуары;1;27518,32;0,15
07.10.2024;Северо-Запад;Калининград;Васильев С.;P011;"Монитор 27"" 4K";Мониторы;2;43571,66;0,00
11.01.2024;Урал;Челябинск;Волков С.;P014;Планшет Mini;Планшеты;2;29007,56;0,00
11.12.2024;Приволжье;Нижний Новгород;Новикова А.;P011;"Монитор 27"" 4K";Мониторы;1;46090,85;0,00
20.09.2024;Центр;Москва;Смирнова А.;P007;Наушники Buds;Аксессуары;1;8502,53;0,00
17.07.2024;Урал;Тюмень;Волков С.;P010;Зарядка 65 Вт;Аксессуары;5;3813,40;0,00
18.08.2024;Центр;Ярославль;Кузнецов С.;P012;"Монитор 24"" FHD";Мониторы;1;16213,94;0,05
18.12.2024;Приволжье;Уфа;Фёдоров С.;P015;Умные часы Fit;Гаджеты;1;16740,80;0,00
22.12.2024;Центр;Тула;Кузнецов С.;P010;Зарядка 65 Вт;Аксессуары;5;3915,67;0,05
03.09.2024;Центр;Воронеж;Смирнова А.;P015;Умные часы Fit;Гаджеты;4;17177,03;0,15
03.10.2024;Центр;Воронеж;Смирнова А.;P009;Чехол кожаный;Аксессуары;3;2213,09;0,10
03.09.2024;Приволжье;Самара;Новикова А.;P010;Зарядка 65 Вт;Аксессуары;6;3790,01;0,00
16.11.2024;Юг;Ростов-на-Дону;Михайлов С.;P009;Чехол кожаный;Аксессуары;1;2147,82;0,00
01.12.2024;Приволжье;Казань;Новикова А.;P013;Планшет Tab 11;Планшеты;3;41288,79;0,00
16.02.2024;Приволжье;Уфа;Новикова А.;P010;Зарядка 65 Вт;Аксессуары;5;3370,14;0,00
05.07.2024;Центр;Тула;Смирнова А.;P010;Зарядка 65 Вт;Аксессуары;20;3624,00;0,00
24.06.2024;Сибирь;Красноярск;Алексеева А.;P004;Смартфон S23;Смартфоны;7;64165,63;0,05
10.09.2024;Урал;Челябинск;Волков С.;P005;Смартфон Lite;Смартфоны;3;20461,93;0,00
15.02.2024;Северо-Запад;Мурманск;Васильев С.;P010;Зарядка 65 Вт;Аксессуары;3;3657,91;0,00
04.01.2025;Юг;Краснодар;Михайлов С.;P004;Смартфон S23;Смартфоны;1;71104,43;0,10
27.02.2025;Сибирь;Красноярск;Лебедев С.;P009;Чехол кожаный;Аксессуары;1;2216,52;0,00
24.04.2024;Центр;Ярославль;Смирнова А.;P016;Электронная книга;Гаджеты;1;12589,15;0,00
13.04.2025;Северо-Запад;Калининград;Васильев С.;P004;Смартфон S23;Смартфоны;3;71463,40;0,00
18.02.2025;Северо-Запад;Калининград;Васильев С.;P010;Зарядка 65 Вт;Аксессуары;13;3763,61;0,10
18.02.2024;Северо-Запад;Мурманск;Попова А.;P012;"Монитор 24"" FHD";Мониторы;2;14799,32;0,05
27.06.2024;Центр;Ярославль;Смирнова А.;P012;"Монитор 24"" FHD";Мониторы;1;14864,26;0,00
12.05.2024;Приволжье;Нижний Новгород;Фёдоров С.;P009;Чехол кожаный;Аксессуары;19;2029,84;0,00
31.03.2024;Дальний Восток;Хабаровск;Семёнова А.;P003;Ультрабук Slim;Ноутбуки;1;125068,21;0,00
15.01.2024;Урал;Тюмень;Морозова А.;P009;Чехол кожаный;Аксессуары;1;2046,56;0,00
02.09.2024;Сибирь;Красноярск;Алексеева А.;P009;Чехол кожаный;Аксессуары;6;2133,68;0,10
11.02.2025;Приволжье;Уфа;Новикова А.;P012;"Монитор 24"" FHD";Мониторы;2;16141,34;0,00
14.07.2024;Юг;Волгоград;Михайлов С.;P005;Смартфон Lite;Смартфоны;1;18965,67;0,00
20.05.2024;Центр;Ярославль;Смирнова А.;P010;Зарядка 65 Вт;Аксессуары;3;3451,12;0,00
25.12.2024;Центр;Тула;Кузнецов С.;P007;Наушники Buds;Аксессуары;3;8567,71;0,00
28.08.2024;Северо-Запад;Санкт-Петербург;Васильев С.;P016;Электронная книга;Гаджеты;2;12902,44;0,10
01.06.2025;Центр;Воронеж;Смирнова А.;P011;"Монитор 27"" 4K";Мониторы;1;49609,87;0,00
16.11.2024;Центр;Воронеж;Кузнецов С.;P011;"Монитор 27"" 4K";Мониторы;6;45172,92;0,00
03.05.2025;Юг;Краснодар;Соколова А.;P014;Планшет Mini;Планшеты;1;32196,52;0,10
25.04.2024;Приволжье;Уфа;Фёдоров С.;P010;Зарядка 65 Вт;Аксессуары;6;3647,22;0,00
04.02.2024;Приволжье;Казань;Новикова А.;P014;Планшет Mini;Планшеты;5;29247,35;0,00
23.03.2024;Приволжье;Нижний Новгород;Фёдоров С.;P009;Чехол кожаный;Аксессуары;6;2025,41;0,00
10.05.2025;Центр;Москва;Кузнецов С.;P016;Электронная книга;Гаджеты;2;14128,24;0,10
24.11.2024;Юг;Волгоград;Соколова А.;P014;Планшет Mini;Планшеты;5;30029,17;0,05
07.12.2024;Центр;Ярославль;Смирнова А.;P003;Ультрабук Slim;Ноутбуки;2;130574,36;0,00
19.01.2025;Юг;Краснодар;Соколова А.;P015;Умные часы Fit;Гаджеты;1;16697,97;0,00
16.12.2024;Юг;Волгоград;Михайлов С.;P012;"Монитор 24"" FHD";Мониторы;2;16881,44;0,15
12.05.2024;Северо-Запад;Санкт-Петербург;Васильев С.;P008;Наушники Studio;Аксессуары;2;26312,52;0,00
04.08.2024;Центр;Москва;Смирнова А.;P013;Планшет Tab 11;Планшеты;1;41715,94;0,10
21.04.2025;Центр;Воронеж;Смирнова А.;P011;"Монитор 27"" 4K";Мониторы;1;47859,64;0,00
14.04.2024;Северо-Запад;Мурманск;Попова А.;P009;Чехол кожаный;Аксессуары;1;2005,53;0,00
20.03.2024;Урал;Екатеринбург;Морозова А.;P004;Смартфон S23;Смартфоны;1;68644,48;0,00
05.01.2025;Юг;Ростов-на-Дону;Михайлов С.;P012;"Монитор 24"" FHD";Мониторы;4;16283,68;0,15
10.07.2024;Приволжье;Уфа;Фёдоров С.;P015;Умные часы Fit;Гаджеты;2;16573,73;0,00
30.03.2024;Центр;Тула;Кузнецов С.;P010;Зарядка 65 Вт;Аксессуары;1;3733,05;0,00
08.04.2024;Приволжье;Нижний Новгород;Новикова А.;P012;"Монитор 24"" FHD";Мониторы;1;15291,45;0,10
31.08.2024;Центр;Воронеж;Кузнецов С.;P010;Зарядка 65 Вт;Аксессуары;2;3804,60;0,00
09.09.2024;Центр;Воронеж;Кузнецов С.;P007;Наушники Buds;Аксессуары;2;8213,63;0,00
01.05.2025;Сибирь;Новосибирск;Лебедев С.;P016;Электронная книга;Гаджеты;1;13841,23;0,00
03.03.2024;Юг;Ростов-на-Дону;Соколова А.;P014;Планшет Mini;Планшеты;5;27173,33;0,10
13.06.2025;Северо-Запад;Калининград;Васильев С.;P016;Электронная книга;Гаджеты;2;14364,88;0,00
03.07.2024;Центр;Ярославль;Смирнова А.;P008;Наушники Studio;Аксессуары;5;25597,05;0,00
07.02.2025;Урал;Челябинск;Морозова А.;P010;Зарядка 65 Вт;Аксессуары;5;3731,35;0,00
14.07.2024;Юг;Ростов-на-Дону;Соколова А.;P009;Чехол кожаный;Аксессуары;6;2075,08;0,00
31.07.2024;Сибирь;Новосибирск;Лебедев С.;P014;Планшет Mini;Планшеты;4;30594,32;0,00
03.09.2024;Центр;Воронеж;Смирнова А.;P010;Зарядка 65 Вт;Аксессуары;9;3788,16;0,00
06.05.2025;Северо-Запад;Санкт-Петербург;Попова А.;P012;"Монитор 24"" FHD";Мониторы;4;17331,96;0,00
22.02.2024;Урал;Челябинск;Морозова А.;P010;Зарядка 65 Вт;Аксессуары;6;3686,53;0,00
21.11.2024;Центр;Москва;Смирнова А.;P011;"Монитор 27"" 4K";Мониторы;1;44399,75;0,00
02.05.2025;Дальний Восток;Хабаровск;Егоров С.;P016;Электронная книга;Гаджеты;1;13266,95;0,00
29.01.2025;Северо-Запад;Санкт-Петербург;Попова А.;P010;Зарядка 65 Вт;Аксессуары;2;3681,92;0,00
19.06.2025;Сибирь;Омск;Алексеева А.;P009;Чехол кожаный;Аксессуары;3;2292,27;0,00
11.04.2024;Центр;Тула;Кузнецов С.;P013;Планшет Tab 11;Планшеты;1;42733,70;0,00
10.05.2024;Центр;Москва;Кузнецов С.;P005;Смартфон Lite;Смартфоны;1;19265,10;0,00
12.01.2025;Сибирь;Омск;Алексеева А.;P010;Зарядка 65 Вт;Аксессуары;7;3595,88;0,15
23.11.2024;Северо-Запад;Мурманск;Васильев С.;P005;Смартфон Lite;Смартфоны;1;20086,48;0,05
06.07.2024;Сибирь;Омск;Лебедев С.;P012;"Монитор 24"" FHD";Мониторы;1;15514,02;0,00
01.05.2025;Центр;Москва;Смирнова А.;P009;Чехол кожаный;Аксессуары;4;2217,82;0,00
07.07.2024;Юг;Волгоград;Михайлов С.;P006;Смартфон Max;Смартфоны;1;109109,44;0,15
09.04.2024;Дальний Восток;Владивосток;Егоров С.;P005;Смартфон Lite;Смартфоны;4;20106,82;0,00
05.02.2024;Центр;Тула;Кузнецов С.;P004;Смартфон S23;Смартфоны;1;64734,83;0,00
03.03.2025;Сибирь;Омск;Алексеева А.;P009;Чехол кожаный;Аксессуары;2;2251,93;0,15
21.02.2025;Урал;Челябинск;Волков С.;P015;Умные часы Fit;Гаджеты;6;18149,44;0,00
05.05.2025;Юг;Краснодар;Соколова А.;P004;Смартфон S23;Смартфоны;3;71419,19;0,15
13.06.2024;Юг;Ростов-на-Дону;Соколова А.;P007;Наушники Buds;Аксессуары;3;8221,55;0,00
02.08.2024;Северо-Запад;Калининград;Попова А.;P008;Наушники Studio;Аксессуары;5;25212,43;0,15
20.07.2024;Центр;Тула;Смирнова А.;P006;Смартфон Max;Смартфоны;1;115255,01;0,05
29.12.2024;Центр;Тула;Кузнецов С.;P006;Смартфон Max;Смартфоны;1;122264,42;0,00
24.05.2025;Северо-Запад;Санкт-Петербург;Васильев С.;P009;Чехол кожаный;Аксессуары;2;2127,86;0,00
25.09.2024;Юг;Краснодар;Михайлов С.;P010;Зарядка 65 Вт;Аксессуары;4;3582,96;0,05
31.07.2024;Центр;Ярославль;Кузнецов С.;P005;Смартфон Lite;Смартфоны;1;20069,02;0,00
21.01.2024;Приволжье;Казань;Новикова А.;P011;"Монитор 27"" 4K";Мониторы;1;41349,55;0,00
27.02.2025;Центр;Ярославль;Смирнова А.;P007;Наушники Buds;Аксессуары;8;8947,01;0,10
12.01.2025;Юг;Волгоград;Михайлов С.;P010;Зарядка 65 Вт;Аксессуары;1;3912,28;0,00
05.11.2024;Урал;Тюмень;Волков С.;P014;Планшет Mini;Планшеты;3;31194,63;0,00
25.06.2025;Юг;Краснодар;Михайлов С.;P005;Смартфон Lite;Смартфоны;3;20735,58;0,00
31.03.2024;Урал;Челябинск;Морозова А.;P005;Смартфон Lite;Смартфоны;5;19442,45;0,00
01.03.2025;Центр;Тула;Кузнецов С.;P010;Зарядка 65 Вт;Аксессуары;13;3780,99;0,00
15.10.2024;Центр;Москва;Смирнова А.;P005;Смартфон Lite;Смартфоны;2;21110,12;0,15
24.11.2024;Центр;Тула;Смирнова А.;P009;Чехол кожаный;Аксессуары;3;2215,64;0,10
02.12.2024;Урал;Челябинск;Морозова А.;P007;Наушники Buds;Аксессуары;5;8356,98;0,00
29.01.2024;Приволжье;Казань;Новикова А.;P013;Планшет Tab 11;Планшеты;1;38511,10;0,05
27.06.2025;Приволжье;Уфа;Новикова А.;P010;Зарядка 65 Вт;Аксессуары;8;3848,17;0,00
19.10.2024;Приволжье;Нижний Новгород;Новикова А.;P008;Наушники Studio;Аксессуары;3;26702,99;0,00
11.03.2024;Северо-Запад;Калининград;Попова А.;P004;Смартфон S23;Смартфоны;5;65908,04;0,15
09.09.2024;Центр;Ярославль;Кузнецов С.;P013;Планшет Tab 11;Планшеты;1;41333,43;0,05
19.08.2024;Центр;Воронеж;Смирнова А.;P016;Электронная книга;Гаджеты;6;12691,08;0,00
24.12.2024;Сибирь;Новосибирск;Лебедев С.;P012;"Монитор 24"" FHD";Мониторы;3;16714,16;0,00
05.01.2025;Приволжье;Казань;Фёдоров С.;P005;Смартфон Lite;Смартфоны;1;19900,20;0,00
14.01.2025;Центр;Воронеж;Кузнецов С.;P013;Планшет Tab 11;Планшеты;3;43436,06;0,00
15.07.2024;Центр;Тула;Смирнова А.;P001;Ноутбук Air 13;Ноутбуки;1;92732,47;0,00
03.06.2025;Центр;Тула;Кузнецов С.;P006;Смартфон Max;Смартфоны;2;125377,43;0,00
23.06.2025;Центр;Москва;Смирнова А.;P014;Планшет Mini;Планшеты;1;30077,75;0,00
07.01.2024;Центр;Тула;Кузнецов С.;P009;Чехол кожаный;Аксессуары;5;1913,89;0,00
02.08.2024;Центр;Воронеж;Кузнецов С.;P009;Чехол кожаный;Аксессуары;3;2088,76;0,00
18.06.2024;Сибирь;Омск;Лебедев С.;P013;Планшет Tab 11;Планшеты;2;40840,58;0,00
05.09.2024;Центр;Воронеж;Кузнецов С.;P010;Зарядка 65 Вт;Аксессуары;1;3520,79;0,15
24.06.2025;Центр;Москва;Кузнецов С.;P010;Зарядка 65 Вт;Аксессуары;1;3827,61;0,10
06.04.2024;Дальний Восток;Владивосток;Семёнова А.;P016;Электронная книга;Гаджеты;1;12994,87;0,00
11.04.2024;Сибирь;Новосибирск;Алексеева А.;P010;Зарядка 65 Вт;Аксессуары;2;3621,60;0,00
22.06.2024;Северо-Запад;Санкт-Петербург;Васильев С.;P008;Наушники Studio;Аксессуары;1;24954,58;0,00
05.01.2025;Юг;Ростов-на-Дону;Михайлов С.;P004;Смартфон S23;Смартфоны;2;71816,82;0,00
22.04.2025;Северо-Запад;Калининград;Попова А.;P015;Умные часы Fit;Гаджеты;1;16855,45;0,15
03.04.2024;Урал;Екатеринбург;Волков С.;P013;Планшет Tab 11;Планшеты;1;42587,30;0,00
25.03.2024;Центр;Воронеж;Смирнова А.;P010;Зарядка 65 Вт;Аксессуары;1;3667,64;0,00
10.12.2024;Северо-Запад;Калининград;Попова А.;P006;Смартфон Max;Смартфоны;1;118082,01;0,10
06.06.2024;Центр;Ярославль;Смирнова А.;P010;Зарядка 65 Вт;Аксессуары;12;3568,84;0,10
06.03.2024;Юг;Волгоград;Михайлов С.;P015;Умные часы Fit;Гаджеты;1;15798,06;0,15
12.08.2024;Дальний Восток;Владивосток;Семёнова А.;P009;Чехол кожаный;Аксессуары;4;2085,62;0,15
04.11.2024;Приволжье;Самара;Фёдоров С.;P009;Чехол кожаный;Аксессуары;10;2069,16;0,00
10.05.2024;Дальний Восток;Владивосток;Егоров С.;P009;Чехол кожаный;Аксессуары;2;1978,10;0,00
05.06.2025;Центр;Ярославль;Смирнова А.;P010;Зарядка 65 Вт;Аксессуары;2;3719,31;0,10
09.02.2024;Центр;Москва;Кузнецов С.;P014;Планшет Mini;Планшеты;1;29086,93;0,15
25.03.2025;Центр;Ярославль;Смирнова А.;P005;Смартфон Lite;Смартфоны;1;20525,55;0,00
16.04.2025;Центр;Москва;Смирнова А.;P003;Ультрабук Slim;Ноутбуки;2;129166,04;0,00
31.07.2024;Центр;Воронеж;Смирнова А.;P009;Чехол кожаный;Аксессуары;1;2121,57;0,00
02.07.2024;Центр;Воронеж;Смирнова А.;P010;Зарядка 65 Вт;Аксессуары;3;3698,49;0,05
08.07.2024;Юг;Волгоград;Михайлов С.;P010;Зарядка 65 Вт;Аксессуары;1;3743,58;0,00
18.04.2024;Юг;Волгоград;Михайлов С.;P005;Смартфон Lite;Смартфоны;1;19543,53;0,00
24.10.2024;Северо-Запад;Мурманск;Попова А.;P003;Ультрабук Slim;Ноутбуки;2;129549,58;0,00
03.06.2024;Дальний Восток;Хабаровск;Семёнова А.;P008;Наушники Studio;Аксессуары;3;25701,89;0,00
12.03.2025;Дальний Восток;Хабаровск;Семёнова А.;P009;Чехол кожаный;Аксессуары;3;2237,26;0,15
02.10.2024;Центр;Воронеж;Кузнецов С.;P011;"Монитор 27"" 4K";Мониторы;1;44631,47;0,05
07.01.2024;Дальний Восток;Хабаровск;Семёнова А.;P007;Наушники Buds;Аксессуары;6;8302,23;0,15
12.12.2024;Центр;Тула;Смирнова А.;P009;Чехол кожаный;Аксессуары;1;2091,04;0,05
01.06.2024;Северо-Запад;Калининград;Попова А.;P011;"Монитор 27"" 4K";Мониторы;3;43882,82;0,00
21.07.2024;Дальний Восток;Хабаровск;Егоров С.;P013;Планшет Tab 11;Планшеты;2;40666,67;0,15
15.09.2024;Урал;Тюмень;Волков С.;P016;Электронная книга;Гаджеты;1;12677,77;0,00
11.03.2024;Урал;Челябинск;Морозова А.;P013;Планшет Tab 11;Планшеты;2;41006,10;0,00
12.01.2024;Центр;Воронеж;Смирнова А.;P015;Умные часы Fit;Гаджеты;1;16607,46;0,00
15.01.2025;Северо-Запад;Мурманск;Васильев С.;P004;Смартфон S23;Смартфоны;3;72236,97;0,05
12.12.2024;Юг;Краснодар;Соколова А.;P009;Чехол кожаный;Аксессуары;2;2062,05;0,00
18.06.2024;Юг;Ростов-на-Дону;Михайлов С.;P009;Чехол кожаный;Аксессуары;4;2035,44;0,05
04.03.2025;Юг;Краснодар;Михайлов С.;P014;Планшет Mini;Планшеты;1;32129,49;0,05
04.11.2024;Северо-Запад;Калининград;Васильев С.;P008;Наушники Studio;Аксессуары;1;25911,34;0,00
02.04.2024;Центр;Москва;Смирнова А.;P010;Зарядка 65 Вт;Аксессуары;5;3598,58;0,10
16.02.2025;Урал;Тюмень;Морозова А.;P014;Планшет Mini;Планшеты;2;30223,34;0,00
26.01.2024;Центр;Воронеж;Смирнова А.;P013;Планшет Tab 11;Планшеты;1;39875,31;0,00
18.08.2024;Приволжье;Уфа;Фёдоров С.;P010;Зарядка 65 Вт;Аксессуары;2;3823,61;0,00
13.09.2024;Северо-Запад;Калининград;Васильев С.;P003;Ультрабук Slim;Ноутбуки;1;131215,40;0,00
01.03.2025;Центр;Тула;Смирнова А.;P008;Наушники Studio;Аксессуары;3;27964,17;0,00
30.03.2024;Приволжье;Казань;Фёдоров С.;P010;Зарядка 65 Вт;Аксессуары;5;3517,96;0,00
25.02.2025;Приволжье;Нижний Новгород;Фёдоров С.;P014;Планшет Mini;Планшеты;1;32098,99;0,00
22.05.2025;Сибирь;Омск;Алексеева А.;P007;Наушники Buds;Аксессуары;3;9266,08;0,00
16.07.2024;Урал;Челябинск;Волков С.;P001;Ноутбук Air 13;Ноутбуки;1;90435,57;0,00
12.01.2024;Сибирь;Омск;Лебедев С.;P016;Электронная книга;Гаджеты;1;12195,22;0,00
06.01.2024;Приволжье;Нижний Новгород;Новикова А.;P003;Ультрабук Slim;Ноутбуки;4;114765,08;0,00
09.05.2024;Сибирь;Новосибирск;Алексеева А.;P001;Ноутбук Air 13;Ноутбуки;1;93647,46;0,00
25.02.2025;Северо-Запад;Калининград;Васильев С.;P003;Ультрабук Slim;Ноутбуки;3;132158,69;0,00
15.09.2024;Юг;Волгоград;Михайлов С.;P009;Чехол кожаный;Аксессуары;1;2104,75;0,00
19.01.2025;Сибирь;Красноярск;Алексеева А.;P007;Наушники Buds;Аксессуары;3;8908,48;0,00
06.02.2025;Сибирь;Новосибирск;Алексеева А.;P003;Ультрабук Slim;Ноутбуки;3;132187,87;0,00
02.07.2024;Центр;Москва;Кузнецов С.;P010;Зарядка 65 Вт;Аксессуары;3;3724,86;0,05
10.01.2025;Дальний Восток;Хабаровск;Семёнова А.;P006;Смартфон Max;Смартфоны;1;114813,90;0,00
12.07.2024;Приволжье;Нижний Новгород;Фёдоров С.;P007;Наушники Buds;Аксессуары;3;8142,20;0,00
02.02.2024;Центр;Москва;Кузнецов С.;P009;Чехол кожаный;Аксессуары;3;2044,32;0,00
18.04.2024;Юг;Ростов-на-Дону;Михайлов С.;P016;Электронная книга;Гаджеты;1;12406,16;0,05
15.05.2024;Юг;Краснодар;Соколова А.;P009;Чехол кожаный;Аксессуары;4;2061,95;0,15
27.01.2025;Центр;Воронеж;Кузнецов С.;P005;Смартфон Lite;Смартфоны;2;21366,52;0,00
08.10.2024;Юг;Краснодар;Михайлов С.;P011;"Монитор 27"" 4K";Мониторы;1;44588,89;0,00
19.03.2025;Приволжье;Нижний Новгород;Новикова А.;P009;Чехол кожаный;Аксессуары;1;2173,86;0,00
15.12.2024;Сибирь;Омск;Лебедев С.;P009;Чехол кожаный;Аксессуары;4;2129,58;0,00
19.07.2024;Урал;Тюмень;Волков С.;P009;Чехол кожаный;Аксессуары;2;2057,35;0,00
20.02.2024;Дальний Восток;Хабаровск;Егоров С.;P010;Зарядка 65 Вт;Аксессуары;4;3548,88;0,00
17.05.2024;Приволжье;Самара;Фёдоров С.;P010;Зарядка 65 Вт;Аксессуары;15;3494,05;0,00
23.12.2024;Приволжье;Нижний Новгород;Новикова А.;P012;"Монитор 24"" FHD";Мониторы;1;16268,07;0,00
29.01.2024;Сибирь;Новосибирск;Лебедев С.;P010;Зарядка 65 Вт;Аксессуары;5;3442,17;0,00
29.04.2024;Центр;Москва;Смирнова А.;P008;Наушники Studio;Аксессуары;3;25111,76;0,10
08.10.2024;Юг;Волгоград;Соколова А.;P009;Чехол кожаный;Аксессуары;1;2090,53;0,00
02.02.2024;Сибирь;Омск;Алексеева А.;P007;Наушники Buds;Аксессуары;13;8436,59;0,00
26.04.2025;Приволжье;Самара;Новикова А.;P011;"Монитор 27"" 4K";Мониторы;3;47865,42;0,00
09.04.2024;Приволжье;Казань;Фёдоров С.;P012;"Монитор 24"" FHD";Мониторы;1;15936,78;0,00
26.03.2024;Урал;Екатеринбург;Волков С.;P013;Планшет Tab 11;Планшеты;4;40951,00;0,00
24.04.2025;Центр;Воронеж;Кузнецов С.;P010;Зарядка 65 Вт;Аксессуары;2;3669,69;0,00
04.03.2024;Центр;Тула;Смирнова А.;P010;Зарядка 65 Вт;Аксессуары;5;3614,08;0,00
24.05.2025;Северо-Запад;Мурманск;Васильев С.;P013;Планшет Tab 11;Планшеты;2;46008,42;0,00
18.01.2024;Центр;Москва;Смирнова А.;P012;"Монитор 24"" FHD";Мониторы;1;15243,74;0,05
08.02.2025;Северо-Запад;Калининград;Попова А.;P014;Планшет Mini;Планшеты;2;31782,22;0,00
10.06.2025;Приволжье;Самара;Фёдоров С.;P014;Планшет Mini;Планшеты;2;31105,77;0,10
01.01.2025;Центр;Москва;Кузнецов С.;P005;Смартфон Lite;Смартфоны;1;20426,18;0,00
23.01.2025;Центр;Москва;Кузнецов С.;P010;Зарядка 65 Вт;Аксессуары;6;3764,27;0,00
23.06.2025;Сибирь;Новосибирск;Алексеева А.;P009;Чехол кожаный;Аксессуары;1;2291,32;0,00
08.02.2024;Урал;Тюмень;Морозова А.;P013;Планшет Tab 11;Планшеты;1;40740,85;0,00
03.06.2024;Центр;Воронеж;Смирнова А.;P016;Электронная книга;Гаджеты;1;13051,14;0,15
15.09.2024;Центр;Тула;Кузнецов С.;P004;Смартфон S23;Смартфоны;1;65368,34;0,10
29.03.2025;Урал;Екатеринбург;Волков С.;P016;Электронная книга;Гаджеты;2;13742,73;0,15
25.06.2024;Юг;Ростов-на-Дону;Михайлов С.;P009;Чехол кожаный;Аксессуары;5;2098,20;0,00
05.08.2024;Центр;Москва;Смирнова А.;P010;Зарядка 65 Вт;Аксессуары;2;3516,78;0,00
14.01.2024;Дальний Восток;Владивосток;Семёнова А.;P016;Электронная книга;Гаджеты;1;12842,97;0,00
22.06.2024;Северо-Запад;Мурманск;Попова А.;P010;Зарядка 65 Вт;Аксессуары;1;3492,79;0,00
13.03.2025;Приволжье;Казань;Фёдоров С.;P010;Зарядка 65 Вт;Аксессуары;3;3872,73;0,00
02.02.2024;Приволжье;Уфа;Фёдоров С.;P004;Смартфон S23;Смартфоны;1;63282,85;0,00
03.03.2024;Центр;Ярославль;Кузнецов С.;P004;Смартфон S23;Смартфоны;6;67265,89;0,00
26.03.2025;Центр;Воронеж;Смирнова А.;P015;Умные часы Fit;Гаджеты;1;18118,33;0,15
13.06.2024;Приволжье;Нижний Новгород;Новикова А.;P010;Зарядка 65 Вт;Аксессуары;7;3626,15;0,00
09.02.2025;Центр;Тула;Кузнецов С.;P012;"Монитор 24"" FHD";Мониторы;4;15995,87;0,05
29.04.2024;Центр;Москва;Кузнецов С.;P012;"Монитор 24"" FHD";Мониторы;3;16013,53;0,00
23.01.2025;Северо-Запад;Мурманск;Васильев С.;P013;Планшет Tab 11;Планшеты;3;45195,72;0,00
06.03.2024;Урал;Челябинск;Морозова А.;P009;Чехол кожаный;Аксессуары;4;2016,66;0,00
08.05.2024;Северо-Запад;Мурманск;Попова А.;P009;Чехол кожаный;Аксессуары;1;2029,84;0,00
29.04.2025;Юг;Ростов-на-Дону;Михайлов С.;P016;Электронная книга;Гаджеты;1;13917,75;0,00
09.03.2024;Юг;Волгоград;Соколова А.;P011;"Монитор 27"" 4K";Мониторы;3;45638,03;0,00
09.07.2024;Приволжье;Самара;Новикова А.;P016;Электронная книга;Гаджеты;1;13430,43;0,00
08.02.2025;Урал;Екатеринбург;Морозова А.;P016;Электронная книга;Гаджеты;1;13006,54;0,00
20.05.2025;Северо-Запад;Калининград;Попова А.;P010;Зарядка 65 Вт;Аксессуары;2;4005,28;0,00
04.05.2024;Юг;Ростов-на-Дону;Михайлов С.;P010;Зарядка 65 Вт;Аксессуары;1;3674,24;0,00
31.07.2024;Северо-Запад;Санкт-Петербург;Васильев С.;P009;Чехол кожаный;Аксессуары;2;2062,06;0,00
25.02.2025;Северо-Запад;Мурманск;Попова А.;P001;Ноутбук Air 13;Ноутбуки;1;101791,23;0,00
16.10.2024;Центр;Воронеж;Смирнова А.;P007;Наушники Buds;Аксессуары;6;8703,13;0,15
04.04.2025;Урал;Челябинск;Морозова А.;P016;Электронная книга;Гаджеты;1;14038,75;0,15
25.06.2025;Юг;Краснодар;Соколова А.;P007;Наушники Buds;Аксессуары;4;8557,00;0,00
15.08.2024;Центр;Тула;Кузнецов С.;P013;Планшет Tab 11;Планшеты;1;42594,29;0,00
13.07.2024;Северо-Запад;Калининград;Васильев С.;P007;Наушники Buds;Аксессуары;4;8510,57;0,15
21.11.2024;Юг;Волгоград;Михайлов С.;P014;Планшет Mini;Планшеты;1;28874,46;0,05
23.04.2024;Центр;Тула;Смирнова А.;P001;Ноутбук Air 13;Ноутбуки;6;88934,59;0,00
14.07.2024;Юг;Краснодар;Соколова А.;P003;Ультрабук Slim;Ноутбуки;3;128972,22;0,00
14.11.2024;Приволжье;Нижний Новгород;Фёдоров С.;P012;"Монитор 24"" FHD";Мониторы;1;16529,36;0,15
30.11.2024;Центр;Москва;Смирнова А.;P010;Зарядка 65 Вт;Аксессуары;8;3693,42;0,00
16.01.2025;Урал;Екатеринбург;Морозова А.;P007;Наушники Buds;Аксессуары;3;8671,68;0,00
04.04.2025;Центр;Москва;Кузнецов С.;P009;Чехол кожаный;Аксессуары;4;2234,27;0,15
16.05.2024;Урал;Тюмень;Волков С.;P009;Чехол кожаный;Аксессуары;8;2053,80;0,10
13.08.2024;Сибирь;Новосибирск;Алексеева А.;P013;Планшет Tab 11;Планшеты;2;40546,31;0,00
12.07.2024;Дальний Восток;Владивосток;Егоров С.;P008;Наушники Studio;Аксессуары;1;26592,35;0,15
05.03.2024;Приволжье;Самара;Новикова А.;P003;Ультрабук Slim;Ноутбуки;1;127601,81;0,05
10.02.2024;Северо-Запад;Санкт-Петербург;Попова А.;P016;Электронная книга;Гаджеты;3;12014,92;0,00
23.06.2025;Приволжье;Казань;Фёдоров С.;P009;Чехол кожаный;Аксессуары;4;2202,47;0,00
13.04.2024;Приволжье;Самара;Новикова А.;P016;Электронная книга;Гаджеты;2;12381,99;0,00
04.10.2024;Приволжье;Уфа;Новикова А.;P005;Смартфон Lite;Смартфоны;1;20249,58;0,05
30.08.2024;Юг;Волгоград;Михайлов С.;P002;Ноутбук Pro 16;Ноутбуки;10;198651,53;0,00
29.07.2024;Центр;Москва;Кузнецов С.;P008;Наушники Studio;Аксессуары;2;25035,81;0,00
26.06.2024;Сибирь;Красноярск;Алексеева А.;P013;Планшет Tab 11;Планшеты;1;41591,61;0,10
18.03.2025;Центр;Ярославль;Кузнецов С.;P013;Планшет Tab 11;Планшеты;2;41903,26;0,00
30.08.2024;Центр;Ярославль;Кузнецов С.;P008;Наушники Studio;Аксессуары;1;26882,69;0,00
04.01.2025;Юг;Краснодар;Соколова А.;P011;"Монитор 27"" 4K";Мониторы;1;44512,25;0,00
17.06.2025;Урал;Челябинск;Волков С.;P011;"Монитор 27"" 4K";Мониторы;1;45855,85;0,10
14.06.2025;Центр;Воронеж;Кузнецов С.;P015;Умные часы Fit;Гаджеты;2;17991,16;0,10
05.04.2025;Юг;Ростов-на-Дону;Михайлов С.;P016;Электронная книга;Гаджеты;2;14338,56;0,00
06.03.2024;Урал;Екатеринбург;Морозова А.;P015;Умные часы Fit;Гаджеты;2;15721,51;0,15
02.01.2024;Центр;Москва;Кузнецов С.;P004;Смартфон S23;Смартфоны;7;67291,83;0,10
20.05.2025;Дальний Восток;Владивосток;Егоров С.;P016;Электронная книга;Гаджеты;3;13235,46;0,10
19.09.2024;Приволжье;Казань;Фёдоров С.;P012;"Монитор 24"" FHD";Мониторы;6;15534,76;0,05
13.05.2025;Центр;Москва;Кузнецов С.;P010;Зарядка 65 Вт;Аксессуары;6;3730,36;0,00
08.08.2024;Сибирь;Омск;Лебедев С.;P010;Зарядка 65 Вт;Аксессуары;2;3614,00;0,00
14.03.2025;Сибирь;Новосибирск;Алексеева А.;P015;Умные часы Fit;Гаджеты;1;16877,07;0,00
24.04.2024;Приволжье;Казань;Новикова А.;P007;Наушники Buds;Аксессуары;3;7914,42;0,00
23.04.2025;Урал;Тюмень;Волков С.;P008;Наушники Studio;Аксессуары;1;27497,30;0,00
14.12.2024;Северо-Запад;Калининград;Попова А.;P009;Чехол кожаный;Аксессуары;5;2220,56;0,00
13.06.2025;Центр;Ярославль;Смирнова А.;P002;Ноутбук Pro 16;Ноутбуки;4;203249,78;0,00
18.03.2024;Северо-Запад;Калининград;Васильев С.;P009;Чехол кожаный;Аксессуары;6;2000,19;0,00
10.02.2025;Северо-Запад;Мурманск;Васильев С.;P009;Чехол кожаный;Аксессуары;3;2125,53;0,00
18.09.2024;Сибирь;Омск;Алексеева А.;P003;Ультрабук Slim;Ноутбуки;9;122814,70;0,00
07.04.2025;Сибирь;Красноярск;Алексеева А.;P009;Чехол кожаный;Аксессуары;1;2148,93;0,00
22.08.2024;Северо-Запад;Мурманск;Васильев С.;P014;Планшет Mini;Планшеты;2;30710,14;0,00
03.01.2024;Северо-Запад;Калининград;Попова А.;P012;"Монитор 24"" FHD";Мониторы;1;14327,93;0,00
22.04.2025;Северо-Запад;Калининград;Попова А.;P006;Смартфон Max;Смартфоны;4;120771,34;0,05
14.04.2025;Дальний Восток;Владивосток;Семёнова А.;P009;Чехол кожаный;Аксессуары;3;2221,05;0,15
12.08.2024;Сибирь;Красноярск;Алексеева А.;P010;Зарядка 65 Вт;Аксессуары;8;3829,95;0,00
16.09.2024;Приволжье;Самара;Новикова А.;P013;Планшет Tab 11;Планшеты;3;43918,08;0,00
19.03.2024;Центр;Воронеж;Смирнова А.;P014;Планшет Mini;Планшеты;2;27051,62;0,00
07.02.2025;Дальний Восток;Хабаровск;Семёнова А.;P010;Зарядка 65 Вт;Аксессуары;5;3963,15;0,00
02.06.2025;Сибирь;Красноярск;Алексеева А.;P016;Электронная книга;Гаджеты;2;14266,60;0,00
11.04.2024;Северо-Запад;Калининград;Васильев С.;P010;Зарядка 65 Вт;Аксессуары;1;3407,90;0,10
28.07.2024;Центр;Тула;Смирнова А.;P016;Электронная книга;Гаджеты;1;13518,93;0,00
24.04.2025;Приволжье;Самара;Новикова А.;P009;Чехол кожаный;Аксессуары;1;2273,20;0,00
31.03.2025;Центр;Ярославль;Смирнова А.;P012;"Монитор 24"" FHD";Мониторы;4;16720,25;0,00
29.03.2025;Дальний Восток;Владивосток;Семёнова А.;P007;Наушники Buds;Аксессуары;1;8920,25;0,00
10.10.2024;Сибирь;Новосибирск;Алексеева А.;P010;Зарядка 65 Вт;Аксессуары;5;3888,57;0,00
24.02.2025;Центр;Москва;Кузнецов С.;P004;Смартфон S23;Смартфоны;2;72291,01;0,10
26.01.2024;Приволжье;Уфа;Новикова А.;P016;Электронная книга;Гаджеты;3;12557,13;0,00
25.01.2024;Центр;Ярославль;Кузнецов С.;P011;"Монитор 27"" 4K";Мониторы;2;44213,41;0,00
27.01.2025;Приволжье;Самара;Фёдоров С.;P009;Чехол кожаный;Аксессуары;1;2079,70;0,05
23.08.2024;Юг;Волгоград;Михайлов С.;P007;Наушники Buds;Аксессуары;2;8222,38;0,10
07.04.2024;Северо-Запад;Мурманск;Васильев С.;P010;Зарядка 65 Вт;Аксессуары;1;3659,77;0,00
09.10.2024;Северо-Запад;Санкт-Петербург;Попова А.;P004;Смартфон S23;Смартфоны;2;68259,91;0,00
25.07.2024;Сибирь;Новосибирск;Алексеева А.;P005;Смартфон Lite;Смартфоны;4;20019,76;0,00
18.02.2024;Юг;Краснодар;Михайлов С.;P013;Планшет Tab 11;Планшеты;3;42318,66;0,00
06.08.2024;Центр;Воронеж;Смирнова А.;P007;Наушники Buds;Аксессуары;11;8023,44;0,00
26.02.2024;Юг;Краснодар;Михайлов С.;P006;Смартфон Max;Смартфоны;3;109597,75;0,00
21.07.2024;Сибирь;Омск;Алексеева А.;P007;Наушники Buds;Аксессуары;8;8330,85;0,00
09.04.2025;Центр;Воронеж;Смирнова А.;P011;"Монитор 27"" 4K";Мониторы;1;45106,83;0,00
30.09.2024;Центр;Ярославль;Смирнова А.;P003;Ультрабук Slim;Ноутбуки;1;129134,51;0,00
01.04.2025;Северо-Запад;Санкт-Петербург;Васильев С.;P007;Наушники Buds;Аксессуары;11;8841,92;0,05
09.08.2024;Северо-Запад;Мурманск;Васильев С.;P010;Зарядка 65 Вт;Аксессуары;3;3684,72;0,00
19.04.2024;Северо-Запад;Санкт-Петербург;Попова А.;P002;Ноутбук Pro 16;Ноутбуки;4;181295,84;0,00
03.06.2025;Центр;Ярославль;Кузнецов С.;P008;Наушники Studio;Аксессуары;4;27203,15;0,10
05.10.2024;Приволжье;Самара;Фёдоров С.;P004;Смартфон S23;Смартфоны;4;68615,97;0,00
13.04.2025;Центр;Воронеж;Смирнова А.;P012;"Монитор 24"" FHD";Мониторы;4;17086,82;0,10
18.04.2025;Приволжье;Казань;Новикова А.;P013;Планшет Tab 11;Планшеты;2;42799,13;0,00
30.05.2024;Урал;Тюмень;Морозова А.;P014;Планшет Mini;Планшеты;2;27731,85;0,00
31.10.2024;Центр;Воронеж;Смирнова А.;P010;Зарядка 65 Вт;Аксессуары;1;3734,94;0,00
04.03.2025;Центр;Воронеж;Смирнова А.;P009;Чехол кожаный;Аксессуары;1;2128,24;0,15
01.05.2025;Центр;Воронеж;Кузнецов С.;P005;Смартфон Lite;Смартфоны;2;20333,53;0,00
27.06.2025;Урал;Екатеринбург;Волков С.;P004;Смартфон S23;Смартфоны;13;74593,47;0,00
18.08.2024;Центр;Ярославль;Смирнова А.;P007;Наушники Buds;Аксессуары;7;8594,82;0,10
11.09.2024;Юг;Волгоград;Михайлов С.;P009;Чехол кожаный;Аксессуары;1;2102,58;0,00
21.12.2024;Дальний Восток;Хабаровск;Семёнова А.;P015;Умные часы Fit;Гаджеты;1;17062,30;0,00
19.12.2024;Приволжье;Казань;Новикова А.;P001;Ноутбук Air 13;Ноутбуки;2;93949,21;0,00
31.03.2025;Центр;Москва;Кузнецов С.;P015;Умные часы Fit;Гаджеты;1;16854,96;0,10
16.03.2024;Приволжье;Нижний Новгород;Новикова А.;P010;Зарядка 65 Вт;Аксессуары;3;3628,95;0,00
12.02.2024;Северо-Запад;Санкт-Петербург;Попова А.;P005;Смартфон Lite;Смартфоны;2;19710,20;0,00
14.11.2024;Приволжье;Нижний Новгород;Новикова А.;P012;"Монитор 24"" FHD";Мониторы;2;16487,20;0,00
12.03.2024;Сибирь;Красноярск;Алексеева А.;P016;Электронная книга;Гаджеты;3;12359,57;0,00
25.05.2024;Дальний Восток;Хабаровск;Егоров С.;P007;Наушники Buds;Аксессуары;2;7891,67;0,10
07.03.2025;Сибирь;Новосибирск;Алексеева А.;P010;Зарядка 65 Вт;Аксессуары;6;3822,36;0,05
24.06.2024;Урал;Тюмень;Волков С.;P013;Планшет Tab 11;Планшеты;2;43203,65;0,00
07.02.2024;Приволжье;Нижний Новгород;Фёдоров С.;P010;Зарядка 65 Вт;Аксессуары;2;3415,08;0,15
18.03.2024;Урал;Екатеринбург;Морозова А.;P007;Наушники Buds;Аксессуары;4;7742,51;0,00
19.05.2025;Приволжье;Самара;Новикова А.;P009;Чехол кожаный;Аксессуары;2;2307,17;0,00
19.03.2025;Северо-Запад;Калининград;Васильев С.;P009;Чехол кожаный;Аксессуары;1;2129,88;0,00
06.11.2024;Центр;Тула;Смирнова А.;P015;Умные часы Fit;Гаджеты;1;17306,72;0,05
25.12.2024;Юг;Волгоград;Соколова А.;P004;Смартфон S23;Смартфоны;1;68201,87;0,00
13.01.2024;Сибирь;Омск;Алексеева А.;P009;Чехол кожаный;Аксессуары;4;1973,01;0,15
26.03.2025;Урал;Тюмень;Морозова А.;P010;Зарядка 65 Вт;Аксессуары;15;3847,87;0,10
15.06.2025;Центр;Ярославль;Кузнецов С.;P013;Планшет Tab 11;Планшеты;1;44754,67;0,15
15.12.2024;Центр;Воронеж;Кузнецов С.;P009;Чехол кожаный;Аксессуары;2;2051,04;0,00
10.06.2024;Северо-Запад;Калининград;Попова А.;P012;"Монитор 24"" FHD";Мониторы;1;16249,72;0,05
04.03.2025;Центр;Ярославль;Смирнова А.;P010;Зарядка 65 Вт;Аксессуары;1;3974,44;0,00
28.02.2024;Центр;Ярославль;Смирнова А.;P005;Смартфон Lite;Смартфоны;2;19865,35;0,15
14.02.2025;Сибирь;Новосибирск;Алексеева А.;P009;Чехол кожаный;Аксессуары;3;2084,76;0,15
05.02.2024;Урал;Челябинск;Морозова А.;P001;Ноутбук Air 13;Ноутбуки;6;93607,65;0,00
06.06.2024;Центр;Тула;Кузнецов С.;P001;Ноутбук Air 13;Ноутбуки;1;95468,98;0,05
25.02.2024;Центр;Тула;Смирнова А.;P012;"Монитор 24"" FHD";Мониторы;2;15760,26;0,05
15.02.2024;Сибирь;Новосибирск;Алексеева А.;P013;Планшет Tab 11;Планшеты;2;42286,49;0,00
04.03.2024;Центр;Москва;Кузнецов С.;P005;Смартфон Lite;Смартфоны;6;18860,32;0,00
19.08.2024;Юг;Волгоград;Михайлов С.;P012;"Монитор 24"" FHD";Мониторы;3;15620,31;0,00
23.04.2024;Северо-Запад;Мурманск;Васильев С.;P009;Чехол кожаный;Аксессуары;2;1970,13;0,00
09.05.2024;Приволжье;Уфа;Фёдоров С.;P007;Наушники Buds;Аксессуары;16;8191,70;0,00
25.02.2025;Центр;Ярославль;Кузнецов С.;P015;Умные часы Fit;Гаджеты;1;18329,57;0,15
14.10.2024;Центр;Москва;Смирнова А.;P003;Ультрабук Slim;Ноутбуки;2;124216,64;0,00
02.05.2024;Центр;Тула;Кузнецов С.;P005;Смартфон Lite;Смартфоны;1;20104,71;0,00
09.01.2025;Приволжье;Казань;Новикова А.;P009;Чехол кожаный;Аксессуары;3;2140,74;0,05
10.04.2024;Приволжье;Уфа;Фёдоров С.;P004;Смартфон S23;Смартфоны;3;65840,78;0,00
28.04.2025;Дальний Восток;Хабаровск;Семёнова А.;P009;Чехол кожаный;Аксессуары;1;2116,93;0,00
23.08.2024;Дальний Восток;Хабаровск;Семёнова А.;P016;Электронная книга;Гаджеты;2;13311,66;0,15
09.05.2024;Урал;Челябинск;Морозова А.;P010;Зарядка 65 Вт;Аксессуары;1;3729,80;0,00
08.01.2024;Сибирь;Омск;Алексеева А.;P012;"Монитор 24"" FHD";Мониторы;1;14730,39;0,00
11.05.2025;Центр;Тула;Кузнецов С.;P014;Планшет Mini;Планшеты;1;30840,99;0,10
03.06.2025;Северо-Запад;Калининград;Попова А.;P004;Смартфон S23;Смартфоны;2;68814,16;0,00
27.02.2024;Урал;Тюмень;Волков С.;P012;"Монитор 24"" FHD";Мониторы;1;15751,91;0,05
08.08.2024;Центр;Москва;Смирнова А.;P012;"Монитор 24"" FHD";Мониторы;3;15821,36;0,05
31.08.2024;Центр;Тула;Кузнецов С.;P016;Электронная книга;Гаджеты;1;12919,02;0,00
23.12.2024;Приволжье;Казань;Фёдоров С.;P015;Умные часы Fit;Гаджеты;1;17999,87;0,00
23.11.2024;Центр;Тула;Смирнова А.;P006;Смартфон Max;Смартфоны;5;119164,58;0,00
22.12.2024;Урал;Екатеринбург;Морозова А.;P004;Смартфон S23;Смартфоны;1;70750,69;0,00
11.04.2025;Центр;Москва;Кузнецов С.;P010;Зарядка 65 Вт;Аксессуары;2;3987,54;0,00
27.09.2024;Центр;Воронеж;Смирнова А.;P012;"Монитор 24"" FHD";Мониторы;1;15847,33;0,00
07.05.2024;Урал;Екатеринбург;Волков С.;P007;Наушники Buds;Аксессуары;1;8545,61;0,00
21.10.2024;Юг;Ростов-на-Дону;Соколова А.;P007;Наушники Buds;Аксессуары;1;8559,90;0,00
21.01.2024;Центр;Москва;Кузнецов С.;P008;Наушники Studio;Аксессуары;1;23859,09;0,00
01.09.2024;Приволжье;Самара;Новикова А.;P008;Наушники Studio;Аксессуары;1;25068,98;0,00
29.07.2024;Центр;Ярославль;Смирнова А.;P004;Смартфон S23;Смартфоны;1;69696,47;0,00
28.02.2024;Юг;Ростов-на-Дону;Соколова А.;P004;Смартфон S23;Смартфоны;3;65093,23;0,10
19.04.2024;Центр;Тула;Смирнова А.;P010;Зарядка 65 Вт;Аксессуары;5;3448,93;0,00
12.03.2025;Центр;Воронеж;Смирнова А.;P013;Планшет Tab 11;Планшеты;1;42367,23;0,00
14.03.2025;Приволжье;Нижний Новгород;Новикова А.;P007;Наушники Buds;Аксессуары;2;9171,18;0,00
06.05.2024;Урал;Тюмень;Волков С.;P016;Электронная книга;Гаджеты;1;13071,88;0,00
15.07.2024;Юг;Ростов-на-Дону;Соколова А.;P010;Зарядка 65 Вт;Аксессуары;1;3753,53;0,00
29.01.2025;Юг;Ростов-на-Дону;Михайлов С.;P007;Наушники Buds;Аксессуары;3;8509,19;0,00
23.03.2024;Юг;Ростов-на-Дону;Соколова А.;P009;Чехол кожаный;Аксессуары;12;1973,03;0,00
06.05.2024;Урал;Тюмень;Волков С.;P016;Электронная книга;Гаджеты;1;13221,82;0,00
07.08.2024;Центр;Москва;Смирнова А.;P004;Смартфон S23;Смартфоны;1;70623,07;0,00
11.05.2025;Северо-Запад;Калининград;Васильев С.;P002;Ноутбук Pro 16;Ноутбуки;8;202257,37;0,00
30.09.2024;Северо-Запад;Калининград;Попова А.;P016;Электронная книга;Гаджеты;2;13835,23;0,00
13.07.2024;Центр;Ярославль;Кузнецов С.;P007;Наушники Buds;Аксессуары;1;8439,21;0,00
18.01.2025;Приволжье;Самара;Новикова А.;P009;Чехол кожаный;Аксессуары;1;2111,07;0,10
26.12.2024;Центр;Ярославль;Смирнова А.;P009;Чехол кожаный;Аксессуары;8;2090,70;0,00
16.04.2024;Центр;Воронеж;Кузнецов С.;P009;Чехол кожаный;Аксессуары;4;2089,08;0,10
11.04.2025;Урал;Екатеринбург;Морозова А.;P009;Чехол кожаный;Аксессуары;8;2265,26;0,05
07.06.2024;Северо-Запад;Калининград;Попова А.;P009;Чехол кожаный;Аксессуары;1;2051,42;0,00
07.06.2024;Юг;Ростов-на-Дону;Соколова А.;P015;Умные часы Fit;Гаджеты;1;16867,71;0,00
03.01.2024;Урал;Екатеринбург;Волков С.;P009;Чехол кожаный;Аксессуары;1;2054,52;0,00
28.03.2025;Центр;Тула;Смирнова А.;P010;Зарядка 65 Вт;Аксессуары;2;3748,00;0,05
14.08.2024;Юг;Волгоград;Соколова А.;P014;Планшет Mini;Планшеты;4;29430,36;0,00
16.10.2024;Центр;Тула;Смирнова А.;P009;Чехол кожаный;Аксессуары;15;2106,08;0,00
02.02.2025;Северо-Запад;Санкт-Петербург;Васильев С.;P012;"Монитор 24"" FHD";Мониторы;2;15746,49;0,00
07.11.2024;Юг;Ростов-на-Дону;Михайлов С.;P009;Чехол кожаный;Аксессуары;1;2032,28;0,15
17.02.2024;Северо-Запад;Мурманск;Васильев С.;P007;Наушники Buds;Аксессуары;1;8402,01;0,00
02.05.2024;Урал;Тюмень;Волков С.;P010;Зарядка 65 Вт;Аксессуары;2;3501,29;0,00
15.01.2025;Урал;Тюмень;Морозова А.;P008;Наушники Studio;Аксессуары;1;27659,49;0,00
05.05.2024;Юг;Ростов-на-Дону;Михайлов С.;P015;Умные часы Fit;Гаджеты;4;16115,87;0,05
19.05.2024;Северо-Запад;Калининград;Васильев С.;P009;Чехол кожаный;Аксессуары;3;2001,98;0,05
14.10.2024;Урал;Челябинск;Морозова А.;P001;Ноутбук Air 13;Ноутбуки;1;99381,58;0,00
15.01.2025;Северо-Запад;Санкт-Петербург;Попова А.;P010;Зарядка 65 Вт;Аксессуары;7;3874,93;0,00
17.12.2024;Приволжье;Уфа;Новикова А.;P010;Зарядка 65 Вт;Аксессуары;2;3768,51;0,00
25.10.2024;Центр;Ярославль;Кузнецов С.;P009;Чехол кожаный;Аксессуары;1;2089,32;0,00
29.06.2025;Центр;Воронеж;Кузнецов С.;P002;Ноутбук Pro 16;Ноутбуки;1;207791,36;0,15
22.05.2024;Центр;Ярославль;Смирнова А.;P016;Электронная книга;Гаджеты;2;12991,32;0,00
28.03.2024;Урал;Тюмень;Морозова А.;P016;Электронная книга;Гаджеты;2;12384,76;0,00
18.03.2025;Юг;Волгоград;Соколова А.;P005;Смартфон Lite;Смартфоны;1;20842,02;0,15
31.01.2024;Юг;Ростов-на-Дону;Михайлов С.;P009;Чехол кожаный;Аксессуары;3;1931,68;0,00
01.08.2024;Северо-Запад;Санкт-Петербург;Васильев С.;P010;Зарядка 65 Вт;Аксессуары;4;3724,23;0,00
06.01.2024;Центр;Тула;Кузнецов С.;P005;Смартфон Lite;Смартфоны;1;18932,18;0,00
13.10.2024;Центр;Воронеж;Кузнецов С.;P015;Умные часы Fit;Гаджеты;2;17841,07;0,00
01.06.2025;Центр;Ярославль;Смирнова А.;P009;Чехол кожаный;Аксессуары;8;2270,02;0,00
08.01.2025;Приволжье;Самара;Новикова А.;P006;Смартфон Max;Смартфоны;3;116184,80;0,00
09.01.2024;Сибирь;Новосибирск;Алексеева А.;P006;Смартфон Max;Смартфоны;1;111195,63;0,05
30.10.2024;Северо-Запад;Санкт-Петербург;Васильев С.;P008;Наушники Studio;Аксессуары;3;27185,00;0,00
02.07.2024;Приволжье;Казань;Фёдоров С.;P011;"Монитор 27"" 4K";Мониторы;3;43126,08;0,00
09.05.2025;Урал;Челябинск;Морозова А.;P007;Наушники Buds;Аксессуары;2;9092,46;0,00
22.03.2025;Урал;Тюмень;Волков С.;P016;Электронная книга;Гаджеты;2;13670,14;0,00
22.04.2025;Сибирь;Омск;Алексеева А.;P010;Зарядка 65 Вт;Аксессуары;5;3801,67;0,00
30.04.2025;Урал;Тюмень;Морозова А.;P001;Ноутбук Air 13;Ноутбуки;1;97984,73;0,15
12.11.2024;Центр;Воронеж;Смирнова А.;P010;Зарядка 65 Вт;Аксессуары;10;3622,33;0,00
03.05.2024;Сибирь;Красноярск;Лебедев С.;P005;Смартфон Lite;Смартфоны;1;20062,96;0,10
11.03.2025;Урал;Тюмень;Волков С.;P015;Умные часы Fit;Гаджеты;1;17486,45;0,00
25.10.2024;Северо-Запад;Калининград;Васильев С.;P016;Электронная книга;Гаджеты;2;13258,03;0,00
26.11.2024;Северо-Запад;Санкт-Петербург;Васильев С.;P010;Зарядка 65 Вт;Аксессуары;2;3928,80;0,00
06.05.2025;Центр;Ярославль;Кузнецов С.;P016;Электронная книга;Гаджеты;3;13732,74;0,15
25.08.2024;Северо-Запад;Калининград;Попова А.;P008;Наушники Studio;Аксессуары;2;25162,75;0,10
02.02.2024;Юг;Волгоград;Михайлов С.;P007;Наушники Buds;Аксессуары;2;7684,45;0,10
27.01.2024;Юг;Ростов-на-Дону;Соколова А.;P010;Зарядка 65 Вт;Аксессуары;7;3373,41;0,00
11.11.2024;Северо-Запад;Калининград;Васильев С.;P013;Планшет Tab 11;Планшеты;5;42629,37;0,00
13.10.2024;Центр;Ярославль;Кузнецов С.;P007;Наушники Buds;Аксессуары;5;8237,58;0,00
28.06.2025;Центр;Тула;Смирнова А.;P016;Электронная книга;Гаджеты;1;13948,85;0,00
10.05.2025;Центр;Тула;Кузнецов С.;P010;Зарядка 65 Вт;Аксессуары;3;4026,10;0,00
27.02.2024;Юг;Ростов-на-Дону;Михайлов С.;P009;Чехол кожаный;Аксессуары;9;1969,39;0,00
30.04.2024;Центр;Воронеж;Смирнова А.;P005;Смартфон Lite;Смартфоны;1;18986,28;0,00
19.06.2024;Приволжье;Нижний Новгород;Новикова А.;P008;Наушники Studio;Аксессуары;1;26719,61;0,00
21.05.2025;Урал;Тюмень;Волков С.;P010;Зарядка 65 Вт;Аксессуары;12;3695,53;0,05
06.03.2024;Юг;Волгоград;Михайлов С.;P010;Зарядка 65 Вт;Аксессуары;1;3408,88;0,00
15.05.2025;Урал;Челябинск;Морозова А.;P008;Наушники Studio;Аксессуары;2;27842,26;0,00
20.01.2024;Центр;Москва;Смирнова А.;P010;Зарядка 65 Вт;Аксессуары;3;3349,61;0,00
15.11.2024;Приволжье;Самара;Новикова А.;P012;"Монитор 24"" FHD";Мониторы;7;15682,27;0,10
22.05.2025;Центр;Ярославль;Кузнецов С.;P012;"Монитор 24"" FHD";Мониторы;3;16553,14;0,00
28.07.2024;Северо-Запад;Санкт-Петербург;Попова А.;P006;Смартфон Max;Смартфоны;2;111490,07;0,10
21.10.2024;Приволжье;Нижний Новгород;Фёдоров С.;P010;Зарядка 65 Вт;Аксессуары;5;3713,49;0,00
18.01.2024;Урал;Челябинск;Морозова А.;P007;Наушники Buds;Аксессуары;11;8073,28;0,00
16.01.2025;Северо-Запад;Калининград;Васильев С.;P009;Чехол кожаный;Аксессуары;2;2143,30;0,00
11.09.2024;Центр;Москва;Кузнецов С.;P010;Зарядка 65 Вт;Аксессуары;3;3545,23;0,00
16.04.2025;Центр;Тула;Кузнецов С.;P007;Наушники Buds;Аксессуары;9;8614,60;0,00
21.06.2024;Юг;Волгоград;Михайлов С.;P015;Умные часы Fit;Гаджеты;4;16052,86;0,00
13.12.2024;Приволжье;Казань;Новикова А.;P010;Зарядка 65 Вт;Аксессуары;3;3601,73;0,05
22.08.2024;Центр;Тула;Кузнецов С.;P010;Зарядка 65 Вт;Аксессуары;2;3718,33;0,00
23.01.2024;Центр;Москва;Смирнова А.;P001;Ноутбук Air 13;Ноутбуки;1;93336,70;0,05
14.08.2024;Урал;Челябинск;Морозова А.;P011;"Монитор 27"" 4K";Мониторы;2;43002,78;0,00
30.04.2024;Сибирь;Омск;Лебедев С.;P015;Умные часы Fit;Гаджеты;1;15728,14;0,05
17.03.2025;Юг;Волгоград;Михайлов С.;P011;"Монитор 27"" 4K";Мониторы;1;45078,62;0,00
26.04.2025;Приволжье;Нижний Новгород;Фёдоров С.;P010;Зарядка 65 Вт;Аксессуары;4;3922,02;0,10
17.02.2024;Центр;Воронеж;Кузнецов С.;P012;"Монитор 24"" FHD";Мониторы;2;15019,91;0,00
17.08.2024;Северо-Запад;Мурманск;Васильев С.;P005;Смартфон Lite;Смартфоны;3;20839,57;0,15
20.07.2024;Центр;Тула;Смирнова А.;P012;"Монитор 24"" FHD";Мониторы;2;15729,04;0,15
09.05.2025;Сибирь;Красноярск;Лебедев С.;P008;Наушники Studio;Аксессуары;1;28412,24;0,00
30.05.2024;Урал;Челябинск;Морозова А.;P002;Ноутбук Pro 16;Ноутбуки;4;189283,49;0,00
19.05.2024;Урал;Челябинск;Волков С.;P012;"Монитор 24"" FHD";Мониторы;4;14970,09;0,00
28.04.2025;Центр;Тула;Кузнецов С.;P016;Электронная книга;Гаджеты;1;13982,28;0,15
23.06.2025;Урал;Челябинск;Морозова А.;P014;Планшет Mini;Планшеты;1;31244,23;0,10
20.10.2024;Центр;Воронеж;Смирнова А.;P008;Наушники Studio;Аксессуары;1;27600,66;0,00
22.09.2024;Приволжье;Нижний Новгород;Фёдоров С.;P002;Ноутбук Pro 16;Ноутбуки;1;199619,24;0,00
25.01.2025;Центр;Ярославль;Кузнецов С.;P010;Зарядка 65 Вт;Аксессуары;11;3689,44;0,00
22.02.2025;Центр;Москва;Кузнецов С.;P011;"Монитор 27"" 4K";Мониторы;1;47996,58;0,00
30.09.2024;Центр;Тула;Смирнова А.;P004;Смартфон S23;Смартфоны;2;71345,48;0,15
25.09.2024;Урал;Тюмень;Волков С.;P003;Ультрабук Slim;Ноутбуки;5;130327,24;0,00
12.07.2024;Центр;Ярославль;Кузнецов С.;P005;Смартфон Lite;Смартфоны;6;20007,24;0,00
07.03.2024;Юг;Ростов-на-Дону;Соколова А.;P016;Электронная книга;Гаджеты;3;12103,14;0,10
05.03.2024;Сибирь;Омск;Лебедев С.;P014;Планшет Mini;Планшеты;1;27774,55;0,00
04.06.2025;Центр;Москва;Смирнова А.;P011;"Монитор 27"" 4K";Мониторы;2;46005,83;0,00
27.01.2024;Центр;Тула;Кузнецов С.;P006;Смартфон Max;Смартфоны;1;107267,01;0,00
19.05.2024;Сибирь;Новосибирск;Лебедев С.;P015;Умные часы Fit;Гаджеты;6;16795,55;0,00
24.03.2025;Юг;Волгоград;Соколова А.;P004;Смартфон S23;Смартфоны;1;71522,45;0,00
04.01.2025;Дальний Восток;Владивосток;Егоров С.;P010;Зарядка 65 Вт;Аксессуары;3;3751,09;0,00
01.04.2024;Урал;Тюмень;Морозова А.;P012;"Монитор 24"" FHD";Мониторы;1;14809,01;0,00
04.01.2025;Сибирь;Красноярск;Лебедев С.;P003;Ультрабук Slim;Ноутбуки;2;133344,53;0,00
19.08.2024;Центр;Воронеж;Смирнова А.;P012;"Монитор 24"" FHD";Мониторы;1;15410,13;0,00
06.03.2025;Центр;Москва;Смирнова А.;P007;Наушники Buds;Аксессуары;2;8476,52;0,00
09.10.2024;Центр;Тула;Смирнова А.;P001;Ноутбук Air 13;Ноутбуки;1;91552,96;0,00
16.06.2024;Центр;Тула;Смирнова А.;P015;Умные часы Fit;Гаджеты;2;17270,82;0,00
20.04.2024;Центр;Тула;Смирнова А.;P015;Умные часы Fit;Гаджеты;1;15677,10;0,10
15.03.2024;Приволжье;Казань;Новикова А.;P016;Электронная книга;Гаджеты;2;12477,77;0,00
27.10.2024;Северо-Запад;Мурманск;Попова А.;P012;"Монитор 24"" FHD";Мониторы;6;15528,02;0,05
25.04.2025;Юг;Краснодар;Соколова А.;P015;Умные часы Fit;Гаджеты;1;17529,85;0,15
31.01.2024;Сибирь;Омск;Лебедев С.;P007;Наушники Buds;Аксессуары;1;7865,80;0,00
25.04.2025;Юг;Волгоград;Соколова А.;P008;Наушники Studio;Аксессуары;2;26423,33;0,00
08.07.2024;Центр;Москва;Кузнецов С.;P009;Чехол кожаный;Аксессуары;1;2012,02;0,15
27.07.2024;Юг;Краснодар;Соколова А.;P007;Наушники Buds;Аксессуары;4;8746,83;0,05
31.08.2024;Северо-Запад;Мурманск;Васильев С.;P004;Смартфон S23;Смартфоны;2;65072,33;0,05
27.01.2025;Юг;Краснодар;Михайлов С.;P014;Планшет Mini;Планшеты;2;31166,51;0,00
08.04.2025;Центр;Тула;Смирнова А.;P014;Планшет Mini;Планшеты;2;31761,07;0,00
23.04.2025;Приволжье;Уфа;Новикова А.;P010;Зарядка 65 Вт;Аксессуары;12;3941,32;0,05
28.05.2024;Приволжье;Самара;Фёдоров С.;P007;Наушники Buds;Аксессуары;3;8398,45;0,00
29.02.2024;Юг;Краснодар;Соколова А.;P014;Планшет Mini;Планшеты;2;29579,12;0,00
19.12.2024;Приволжье;Самара;Фёдоров С.;P009;Чехол кожаный;Аксессуары;4;2187,91;0,15
03.05.2024;Центр;Москва;Смирнова А.;P009;Чехол кожаный;Аксессуары;7;2097,01;0,00
17.05.2024;Юг;Волгоград;Соколова А.;P015;Умные часы Fit;Гаджеты;2;17175,74;0,00
01.04.2024;Приволжье;Нижний Новгород;Новикова А.;P012;"Монитор 24"" FHD";Мониторы;1;15920,13;0,00
18.09.2024;Центр;Москва;Смирнова А.;P010;Зарядка 65 Вт;Аксессуары;7;3755,90;0,00
12.10.2024;Центр;Ярославль;Смирнова А.;P009;Чехол кожаный;Аксессуары;2;2151,37;0,00
17.04.2025;Сибирь;Красноярск;Алексеева А.;P001;Ноутбук Air 13;Ноутбуки;1;101837,36;0,15
02.05.2025;Центр;Ярославль;Смирнова А.;P014;Планшет Mini;Планшеты;4;29953,95;0,10
07.11.2024;Северо-Запад;Калининград;Васильев С.;P011;"Монитор 27"" 4K";Мониторы;1;47632,83;0,00
04.01.2025;Сибирь;Омск;Лебедев С.;P008;Наушники Studio;Аксессуары;4;25845,86;0,00
19.06.2024;Урал;Челябинск;Волков С.;P014;Планшет Mini;Планшеты;1;28327,36;0,10
23.02.2025;Северо-Запад;Мурманск;Попова А.;P011;"Монитор 27"" 4K";Мониторы;1;48324,60;0,05
23.01.2025;Центр;Москва;Смирнова А.;P007;Наушники Buds;Аксессуары;1;8482,73;0,15
21.04.2025;Северо-Запад;Санкт-Петербург;Васильев С.;P009;Чехол кожаный;Аксессуары;7;2303,04;0,00
29.01.2024;Приволжье;Казань;Фёдоров С.;P010;Зарядка 65 Вт;Аксессуары;1;3472,77;0,15
20.06.2025;Центр;Воронеж;Смирнова А.;P013;Планшет Tab 11;Планшеты;4;44105,52;0,05
21.03.2025;Северо-Запад;Санкт-Петербург;Васильев С.;P009;Чехол кожаный;Аксессуары;3;2244,28;0,10
12.03.2025;Центр;Москва;Смирнова А.;P003;Ультрабук Slim;Ноутбуки;1;126443,28;0,05
24.03.2025;Юг;Ростов-на-Дону;Соколова А.;P012;"Монитор 24"" FHD";Мониторы;4;16077,61;0,05
27.10.2024;Приволжье;Нижний Новгород;Новикова А.;P012;"Монитор 24"" FHD";Мониторы;1;15609,12;0,00
09.12.2024;Северо-Запад;Калининград;Попова А.;P015;Умные часы Fit;Гаджеты;3;16838,54;0,00
19.11.2024;Центр;Ярославль;Кузнецов С.;P016;Электронная книга;Гаджеты;1;13898,39;0,00
02.03.2025;Юг;Волгоград;Соколова А.;P012;"Монитор 24"" FHD";Мониторы;2;15937,97;0,00
04.05.2024;Центр;Москва;Смирнова А.;P008;Наушники Studio;Аксессуары;1;25648,12;0,00
11.02.2025;Центр;Ярославль;Кузнецов С.;P010;Зарядка 65 Вт;Аксессуары;7;3954,83;0,00
21.04.2025;Центр;Москва;Кузнецов С.;P009;Чехол кожаный;Аксессуары;1;2143,69;0,00
23.04.2025;Центр;Воронеж;Смирнова А.;P011;"Монитор 27"" 4K";Мониторы;1;46258,66;0,05
15.06.2025;Центр;Воронеж;Кузнецов С.;P014;Планшет Mini;Планшеты;1;30510,86;0,00
12.06.2025;Центр;Ярославль;Смирнова А.;P007;Наушники Buds;Аксессуары;1;9338,75;0,00
02.06.2025;Центр;Тула;Смирнова А.;P009;Чехол кожаный;Аксессуары;10;2116,58;0,00
18.01.2025;Приволжье;Уфа;Фёдоров С.;P007;Наушники Buds;Аксессуары;1;8650,39;0,00
18.03.2025;Юг;Волгоград;Михайлов С.;P007;Наушники Buds;Аксессуары;1;8379,00;0,00
12.05.2025;Центр;Воронеж;Кузнецов С.;P009;Чехол кожаный;Аксессуары;2;2245,59;0,15
05.11.2024;Приволжье;Нижний Новгород;Фёдоров С.;P010;Зарядка 65 Вт;Аксессуары;8;3567,55;0,15
09.04.2025;Центр;Тула;Кузнецов С.;P007;Наушники Buds;Аксессуары;8;9006,31;0,10
20.01.2025;Северо-Запад;Санкт-Петербург;Попова А.;P012;"Монитор 24"" FHD";Мониторы;1;16372,57;0,00
06.02.2024;Северо-Запад;Санкт-Петербург;Васильев С.;P009;Чехол кожаный;Аксессуары;11;2061,14;0,00
26.01.2025;Северо-Запад;Калининград;Попова А.;P006;Смартфон Max;Смартфоны;2;120764,79;0,00
29.09.2024;Северо-Запад;Мурманск;Попова А.;P008;Наушники Studio;Аксессуары;1;26967,08;0,05
30.06.2025;Дальний Восток;Хабаровск;Семёнова А.;P005;Смартфон Lite;Смартфоны;7;20270,77;0,05
21.02.2025;Приволжье;Уфа;Новикова А.;P009;Чехол кожаный;Аксессуары;2;2215,49;0,00
29.10.2024;Юг;Краснодар;Соколова А.;P006;Смартфон Max;Смартфоны;1;120804,85;0,00
25.05.2025;Северо-Запад;Санкт-Петербург;Попова А.;P007;Наушники Buds;Аксессуары;1;9034,06;0,00
23.06.2024;Северо-Запад;Мурманск;Васильев С.;P009;Чехол кожаный;Аксессуары;4;2042,81;0,00
24.02.2025;Центр;Ярославль;Кузнецов С.;P012;"Монитор 24"" FHD";Мониторы;1;16931,01;0,00
28.12.2024;Юг;Краснодар;Соколова А.;P015;Умные часы Fit;Гаджеты;1;17803,51;0,00
01.01.2024;Сибирь;Новосибирск;Лебедев С.;P014;Планшет Mini;Планшеты;1;29153,59;0,00
28.01.2024;Центр;Ярославль;Смирнова А.;P008;Наушники Studio;Аксессуары;2;24491,60;0,00
24.02.2024;Центр;Тула;Смирнова А.;P005;Смартфон Lite;Смартфоны;4;19808,20;0,00
01.11.2024;Приволжье;Самара;Фёдоров С.;P010;Зарядка 65 Вт;Аксессуары;3;3538,03;0,10
18.01.2024;Дальний Восток;Хабаровск;Семёнова А.;P013;Планшет Tab 11;Планшеты;2;41032,12;0,05
06.04.2025;Приволжье;Самара;Фёдоров С.;P008;Наушники Studio;Аксессуары;5;27062,40;0,00
23.02.2024;Урал;Екатеринбург;Волков С.;P013;Планшет Tab 11;Планшеты;1;38790,97;0,00
13.01.2024;Центр;Воронеж;Смирнова А.;P006;Смартфон Max;Смартфоны;2;105476,80;0,00
13.12.2024;Центр;Ярославль;Кузнецов С.;P010;Зарядка 65 Вт;Аксессуары;2;3751,80;0,00
07.01.2024;Дальний Восток;Владивосток;Семёнова А.;P015;Умные часы Fit;Гаджеты;4;15765,06;0,00
14.06.2024;Центр;Тула;Смирнова А.;P002;Ноутбук Pro 16;Ноутбуки;3;186752,96;0,00
16.09.2024;Приволжье;Уфа;Новикова А.;P007;Наушники Buds;Аксессуары;8;8854,26;0,10
03.05.2025;Центр;Москва;Смирнова А.;P010;Зарядка 65 Вт;Аксессуары;11;3980,95;0,00
11.09.2024;Приволжье;Уфа;Новикова А.;P016;Электронная книга;Гаджеты;3;12716,95;0,00
03.05.2025;Дальний Восток;Владивосток;Семёнова А.;P015;Умные часы Fit;Гаджеты;2;18201,28;0,15
21.04.2024;Сибирь;Красноярск;Алексеева А.;P008;Наушники Studio;Аксессуары;1;26845,50;0,00
29.09.2024;Центр;Ярославль;Смирнова А.;P009;Чехол кожаный;Аксессуары;5;2027,94;0,00
11.03.2025;Юг;Ростов-на-Дону;Соколова А.;P014;Планшет Mini;Планшеты;2;32059,77;0,00
08.10.2024;Центр;Ярославль;Кузнецов С.;P003;Ультрабук Slim;Ноутбуки;2;123655,55;0,15
22.06.2024;Северо-Запад;Санкт-Петербург;Попова А.;P007;Наушники Buds;Аксессуары;1;8293,95;0,00
04.05.2024;Северо-Запад;Мурманск;Попова А.;P009;Чехол кожаный;Аксессуары;3;2008,67;0,10
03.03.2024;Центр;Воронеж;Кузнецов С.;P001;Ноутбук Air 13;Ноутбуки;2;95033,49;0,00
09.12.2024;Дальний Восток;Владивосток;Семёнова А.;P012;"Монитор 24"" FHD";Мониторы;3;16619,14;0,00
14.07.2024;Центр;Москва;Смирнова А.;P007;Наушники Buds;Аксессуары;4;8276,39;0,00
24.11.2024;Приволжье;Нижний Новгород;Новикова А.;P008;Наушники Studio;Аксессуары;1;27739,19;0,00
24.03.2025;Северо-Запад;Калининград;Попова А.;P011;"Монитор 27"" 4K";Мониторы;1;46291,05;0,00
10.03.2024;Северо-Запад;Калининград;Попова А.;P007;Наушники Buds;Аксессуары;5;8105,29;0,00
21.05.2025;Приволжье;Нижний Новгород;Новикова А.;P005;Смартфон Lite;Смартфоны;5;20786,65;0,00
02.01.2025;Сибирь;Новосибирск;Алексеева А.;P010;Зарядка 65 Вт;Аксессуары;5;3788,42;0,00
15.03.2024;Приволжье;Казань;Новикова А.;P006;Смартфон Max;Смартфоны;2;116303,81;0,00
12.03.2025;Северо-Запад;Мурманск;Васильев С.;P016;Электронная книга;Гаджеты;1;13644,43;0,00
15.03.2024;Северо-Запад;Санкт-Петербург;Васильев С.;P015;Умные часы Fit;Гаджеты;2;16114,59;0,00
14.02.2024;Центр;Тула;Кузнецов С.;P009;Чехол кожаный;Аксессуары;11;1929,13;0,00
22.04.2025;Дальний Восток;Владивосток;Семёнова А.;P009;Чехол кожаный;Аксессуары;1;2196,74;0,15
28.03.2024;Юг;Волгоград;Соколова А.;P009;Чехол кожаный;Аксессуары;4;2006,05;0,00
17.02.2024;Центр;Тула;Смирнова А.;P016;Электронная книга;Гаджеты;2;12806,10;0,00
07.09.2024;Центр;Москва;Смирнова А.;P005;Смартфон Lite;Смартфоны;2;20786,16;0,00
09.10.2024;Дальний Восток;Владивосток;Семёнова А.;P016;Электронная книга;Гаджеты;2;13849,01;0,00
12.02.2024;Приволжье;Самара;Фёдоров С.;P012;"Монитор 24"" FHD";Мониторы;3;15256,68;0,00
22.01.2024;Центр;Тула;Кузнецов С.;P013;Планшет Tab 11;Планшеты;1;41841,42;0,10
30.03.2024;Сибирь;Омск;Алексеева А.;P016;Электронная книга;Гаджеты;2;12800,25;0,00
17.07.2024;Юг;Краснодар;Михайлов С.;P005;Смартфон Lite;Смартфоны;1;19878,29;0,00
26.08.2024;Центр;Москва;Смирнова А.;P012;"Монитор 24"" FHD";Мониторы;2;15932,72;0,00
27.11.2024;Центр;Ярославль;Смирнова А.;P007;Наушники Buds;Аксессуары;4;8563,06;0,15
01.05.2025;Урал;Челябинск;Волков С.;P009;Чехол кожаный;Аксессуары;1;2106,95;0,05
13.07.2024;Северо-Запад;Санкт-Петербург;Васильев С.;P015;Умные часы Fit;Гаджеты;4;17091,19;0,00
18.07.2024;Приволжье;Самара;Новикова А.;P010;Зарядка 65 Вт;Аксессуары;4;3569,59;0,00
21.02.2025;Приволжье;Уфа;Новикова А.;P009;Чехол кожаный;Аксессуары;8;2063,56;0,00
21.02.2025;Центр;Воронеж;Кузнецов С.;P009;Чехол кожаный;Аксессуары;12;2103,57;0,15
04.10.2024;Центр;Москва;Кузнецов С.;P010;Зарядка 65 Вт;Аксессуары;2;3863,79;0,00
02.04.2025;Центр;Ярославль;Смирнова А.;P010;Зарядка 65 Вт;Аксессуары;2;3746,83;0,00
10.12.2024;Приволжье;Казань;Новикова А.;P016;Электронная книга;Гаджеты;2;13465,27;0,00
12.12.2024;Центр;Воронеж;Смирнова А.;P015;Умные часы Fit;Гаджеты;1;17069,59;0,00
14.11.2024;Северо-Запад;Санкт-Петербург;Попова А.;P003;Ультрабук Slim;Ноутбуки;3;123780,80;0,00
25.05.2025;Приволжье;Самара;Фёдоров С.;P007;Наушники Buds;Аксессуары;1;8634,70;0,00
16.07.2024;Юг;Волгоград;Соколова А.;P012;"Монитор 24"" FHD";Мониторы;5;16298,43;0,00
27.01.2025;Сибирь;Омск;Алексеева А.;P011;"Монитор 27"" 4K";Мониторы;2;47605,42;0,00
11.02.2025;Центр;Ярославль;Смирнова А.;P005;Смартфон Lite;Смартфоны;5;20251,11;0,00
17.11.2024;Центр;Тула;Смирнова А.;P004;Смартфон S23;Смартфоны;3;67163,13;0,00
03.01.2024;Приволжье;Уфа;Новикова А.;P008;Наушники Studio;Аксессуары;1;25675,25;0,00
31.08.2024;Северо-Запад;Калининград;Попова А.;P014;Планшет Mini;Планшеты;3;30064,88;0,15
08.04.2025;Сибирь;Омск;Алексеева А.;P002;Ноутбук Pro 16;Ноутбуки;4;202302,32;0,15
06.12.2024;Приволжье;Самара;Фёдоров С.;P011;"Монитор 27"" 4K";Мониторы;3;47222,99;0,00
01.08.2024;Дальний Восток;Хабаровск;Семёнова А.;P009;Чехол кожаный;Аксессуары;4;2085,70;0,15
20.02.2025;Центр;Москва;Кузнецов С.;P014;Планшет Mini;Планшеты;1;29044,12;0,00
08.05.2024;Сибирь;Новосибирск;Алексеева А.;P016;Электронная книга;Гаджеты;3;12801,90;0,10
18.11.2024;Центр;Ярославль;Кузнецов С.;P011;"Монитор 27"" 4K";Мониторы;3;45842,36;0,00
14.07.2024;Приволжье;Казань;Фёдоров С.;P009;Чехол кожаный;Аксессуары;2;2056,33;0,05
29.02.2024;Центр;Москва;Кузнецов С.;P013;Планшет Tab 11;Планшеты;1;41153,15;0,00
05.09.2024;Сибирь;Красноярск;Алексеева А.;P009;Чехол кожаный;Аксессуары;1;2058,04;0,05
31.05.2025;Северо-Запад;Санкт-Петербург;Васильев С.;P004;Смартфон S23;Смартфоны;2;73402,19;0,00
19.09.2024;Приволжье;Самара;Фёдоров С.;P015;Умные часы Fit;Гаджеты;2;17452,92;0,10
17.01.2025;Северо-Запад;Мурманск;Васильев С.;P013;Планшет Tab 11;Планшеты;3;42551,82;0,00
27.04.2024;Урал;Тюмень;Морозова А.;P015;Умные часы Fit;Гаджеты;2;15856,11;0,00
16.07.2024;Северо-Запад;Санкт-Петербург;Попова А.;P009;Чехол кожаный;Аксессуары;1;2082,02;0,00
28.06.2024;Центр;Воронеж;Смирнова А.;P010;Зарядка 65 Вт;Аксессуары;4;3577,13;0,00
17.02.2024;Урал;Челябинск;Волков С.;P007;Наушники Buds;Аксессуары;2;7781,08;0,00
30.03.2025;Северо-Запад;Мурманск;Васильев С.;P011;"Монитор 27"" 4K";Мониторы;1;47527,34;0,10
04.07.2024;Юг;Ростов-на-Дону;Михайлов С.;P001;Ноутбук Air 13;Ноутбуки;1;95343,11;0,00
27.09.2024;Центр;Воронеж;Смирнова А.;P007;Наушники Buds;Аксессуары;8;8568,09;0,00
13.06.2024;Центр;Москва;Смирнова А.;P007;Наушники Buds;Аксессуары;1;8666,32;0,00
16.08.2024;Центр;Ярославль;Смирнова А.;P013;Планшет Tab 11;Планшеты;3;40451,11;0,00
10.09.2024;Приволжье;Казань;Новикова А.;P007;Наушники Buds;Аксессуары;8;8068,01;0,00
15.03.2025;Центр;Ярославль;Смирнова А.;P010;Зарядка 65 Вт;Аксессуары;2;3879,07;0,00
18.05.2024;Центр;Тула;Кузнецов С.;P009;Чехол кожаный;Аксессуары;1;1975,84;0,10
15.03.2025;Северо-Запад;Мурманск;Попова А.;P010;Зарядка 65 Вт;Аксессуары;1;3898,25;0,15
13.02.2025;Северо-Запад;Калининград;Васильев С.;P007;Наушники Buds;Аксессуары;3;8425,66;0,00
09.05.2024;Центр;Тула;Кузнецов С.;P011;"Монитор 27"" 4K";Мониторы;1;44488,73;0,15
16.10.2024;Северо-Запад;Санкт-Петербург;Попова А.;P009;Чехол кожаный;Аксессуары;4;2020,59;0,00
02.09.2024;Северо-Запад;Санкт-Петербург;Попова А.;P007;Наушники Buds;Аксессуары;1;8067,05;0,00
29.04.2025;Приволжье;Нижний Новгород;Новикова А.;P012;"Монитор 24"" FHD";Мониторы;1;17284,22;0,00
23.03.2025;Сибирь;Новосибирск;Лебедев С.;P011;"Монитор 27"" 4K";Мониторы;1;46520,49;0,05
25.12.2024;Юг;Ростов-на-Дону;Михайлов С.;P009;Чехол кожаный;Аксессуары;3;2211,67;0,00
23.06.2025;Урал;Екатеринбург;Волков С.;P009;Чехол кожаный;Аксессуары;16;2128,24;0,15
02.03.2025;Северо-Запад;Калининград;Попова А.;P006;Смартфон Max;Смартфоны;1;120316,87;0,00
06.10.2024;Юг;Краснодар;Соколова А.;P015;Умные часы Fit;Гаджеты;1;16275,21;0,00
09.03.2024;Приволжье;Самара;Фёдоров С.;P016;Электронная книга;Гаджеты;1;12331,46;0,00
25.11.2024;Приволжье;Казань;Фёдоров С.;P014;Планшет Mini;Планшеты;1;31187,71;0,00
01.01.2025;Приволжье;Казань;Фёдоров С.;P015;Умные часы Fit;Гаджеты;4;17246,15;0,15
01.11.2024;Сибирь;Омск;Алексеева А.;P009;Чехол кожаный;Аксессуары;1;2114,20;0,00
23.05.2025;Центр;Тула;Кузнецов С.;P009;Чехол кожаный;Аксессуары;12;2170,90;0,15
13.11.2024;Северо-Запад;Санкт-Петербург;Васильев С.;P010;Зарядка 65 Вт;Аксессуары;1;3766,60;0,00
10.09.2024;Центр;Ярославль;Смирнова А.;P004;Смартфон S23;Смартфоны;1;65980,45;0,00
06.02.2024;Северо-Запад;Калининград;Попова А.;P007;Наушники Buds;Аксессуары;2;8156,34;0,00
05.01.2024;Сибирь;Новосибирск;Лебедев С.;P009;Чехол кожаный;Аксессуары;2;2053,46;0,15
05.06.2025;Центр;Москва;Кузнецов С.;P006;Смартфон Max;Смартфоны;7;126278,55;0,00
17.10.2024;Сибирь;Омск;Лебедев С.;P012;"Монитор 24"" FHD";Мониторы;3;15218,73;0,05
13.07.2024;Юг;Волгоград;Михайлов С.;P012;"Монитор 24"" FHD";Мониторы;1;16119,16;0,00
11.11.2024;Приволжье;Уфа;Новикова А.;P007;Наушники Buds;Аксессуары;1;8393,70;0,00
19.08.2024;Центр;Ярославль;Смирнова А.;P011;"Монитор 27"" 4K";Мониторы;4;44856,66;0,00
30.06.2025;Приволжье;Казань;Фёдоров С.;P008;Наушники Studio;Аксессуары;1;26816,58;0,05
15.08.2024;Сибирь;Новосибирск;Алексеева А.;P014;Планшет Mini;Планшеты;1;30750,36;0,10
21.11.2024;Центр;Ярославль;Смирнова А.;P008;Наушники Studio;Аксессуары;2;27136,87;0,00
29.06.2024;Приволжье;Нижний Новгород;Новикова А.;P008;Наушники Studio;Аксессуары;1;24901,37;0,15
26.01.2024;Дальний Восток;Владивосток;Семёнова А.;P008;Наушники Studio;Аксессуары;2;26183,26;0,00
23.03.2025;Центр;Москва;Кузнецов С.;P010;Зарядка 65 Вт;Аксессуары;11;4013,89;0,00
30.05.2024;Центр;Москва;Кузнецов С.;P012;"Монитор 24"" FHD";Мониторы;1;15747,75;0,15
20.05.2025;Северо-Запад;Мурманск;Попова А.;P004;Смартфон S23;Смартфоны;1;70059,78;0,15
06.04.2024;Дальний Восток;Владивосток;Семёнова А.;P007;Наушники Buds;Аксессуары;6;8478,75;0,00
18.09.2024;Северо-Запад;Калининград;Васильев С.;P012;"Монитор 24"" FHD";Мониторы;3;15262,08;0,00
23.01.2024;Центр;Ярославль;Смирнова А.;P005;Смартфон Lite;Смартфоны;2;18731,45;0,10
05.08.2024;Центр;Ярославль;Кузнецов С.;P012;"Монитор 24"" FHD";Мониторы;4;16219,37;0,00
13.11.2024;Приволжье;Уфа;Фёдоров С.;P016;Электронная книга;Гаджеты;1;13125,09;0,05
13.05.2025;Центр;Тула;Кузнецов С.;P005;Смартфон Lite;Смартфоны;2;21767,07;0,00
02.02.2024;Центр;Москва;Смирнова А.;P014;Планшет Mini;Планшеты;2;28641,12;0,00
08.06.2025;Сибирь;Красноярск;Лебедев С.;P012;"Монитор 24"" FHD";Мониторы;3;16636,73;0,00
18.11.2024;Центр;Москва;Смирнова А.;P010;Зарядка 65 Вт;Аксессуары;1;3598,20;0,00
22.01.2024;Урал;Тюмень;Волков С.;P011;"Монитор 27"" 4K";Мониторы;2;42069,43;0,00
07.03.2024;Дальний Восток;Хабаровск;Егоров С.;P010;Зарядка 65 Вт;Аксессуары;1;3619,92;0,10
24.03.2025;Дальний Восток;Владивосток;Егоров С.;P005;Смартфон Lite;Смартфоны;2;20129,06;0,00
22.12.2024;Центр;Ярославль;Кузнецов С.;P011;"Монитор 27"" 4K";Мониторы;1;48489,61;0,10
18.03.2024;Центр;Ярославль;Кузнецов С.;P007;Наушники Buds;Аксессуары;2;8234,16;0,15
17.02.2025;Центр;Ярославль;Смирнова А.;P009;Чехол кожаный;Аксессуары;3;2231,74;0,00
05.02.2025;Центр;Ярославль;Кузнецов С.;P016;Электронная книга;Гаджеты;1;13715,25;0,05
01.09.2024;Центр;Ярославль;Смирнова А.;P012;"Монитор 24"" FHD";Мониторы;2;15766,84;0,05
06.01.2025;Северо-Запад;Мурманск;Васильев С.;P010;Зарядка 65 Вт;Аксессуары;3;3834,81;0,15
29.01.2024;Центр;Тула;Кузнецов С.;P009;Чехол кожаный;Аксессуары;8;2082,88;0,00
11.04.2025;Центр;Воронеж;Смирнова А.;P014;Планшет Mini;Планшеты;1;30948,12;0,15
17.07.2024;Центр;Тула;Смирнова А.;P009;Чехол кожаный;Аксессуары;2;1991,32;0,00
04.03.2025;Центр;Москва;Смирнова А.;P009;Чехол кожаный;Аксессуары;3;2128,19;0,00
24.07.2024;Юг;Ростов-на-Дону;Михайлов С.;P011;"Монитор 27"" 4K";Мониторы;3;42984,69;0,00
03.06.2024;Урал;Екатеринбург;Морозова А.;P014;Планшет Mini;Планшеты;3;28292,49;0,10
11.02.2025;Центр;Воронеж;Кузнецов С.;P014;Планшет Mini;Планшеты;2;31061,57;0,00
17.08.2024;Приволжье;Самара;Фёдоров С.;P008;Наушники Studio;Аксессуары;1;26781,88;0,00
31.10.2024;Северо-Запад;Калининград;Попова А.;P010;Зарядка 65 Вт;Аксессуары;1;3758,31;0,15
28.01.2025;Юг;Ростов-на-Дону;Михайлов С.;P009;Чехол кожаный;Аксессуары;11;2063,94;0,00
23.03.2025;Приволжье;Казань;Фёдоров С.;P012;"Монитор 24"" FHD";Мониторы;2;17105,65;0,00
22.03.2024;Центр;Москва;Кузнецов С.;P012;"Монитор 24"" FHD";Мониторы;6;15194,13;0,00
11.03.2024;Центр;Тула;Кузнецов С.;P012;"Монитор 24"" FHD";Мониторы;2;15257,49;0,00
16.08.2024;Центр;Москва;Смирнова А.;P011;"Монитор 27"" 4K";Мониторы;3;46998,72;0,00
10.09.2024;Урал;Челябинск;Волков С.;P009;Чехол кожаный;Аксессуары;4;2163,36;0,00
10.02.2025;Центр;Воронеж;Кузнецов С.;P010;Зарядка 65 Вт;Аксессуары;4;3662,83;0,00
24.02.2024;Северо-Запад;Калининград;Попова А.;P010;Зарядка 65 Вт;Аксессуары;3;3454,74;0,05
10.02.2025;Северо-Запад;Мурманск;Попова А.;P013;Планшет Tab 11;Планшеты;3;43015,78;0,00
20.05.2024;Центр;Ярославль;Смирнова А.;P013;Планшет Tab 11;Планшеты;1;41503,75;0,00
16.09.2024;Сибирь;Омск;Алексеева А.;P010;Зарядка 65 Вт;Аксессуары;1;3829,99;0,00
27.07.2024;Дальний Восток;Владивосток;Семёнова А.;P011;"Монитор 27"" 4K";Мониторы;1;42953,40;0,00
16.07.2024;Северо-Запад;Калининград;Попова А.;P003;Ультрабук Slim;Ноутбуки;2;130673,96;0,05
03.12.2024;Центр;Тула;Смирнова А.;P007;Наушники Buds;Аксессуары;2;8318,97;0,00
06.02.2025;Центр;Воронеж;Кузнецов С.;P016;Электронная книга;Гаджеты;2;13908,80;0,00
21.04.2025;Центр;Ярославль;Смирнова А.;P005;Смартфон Lite;Смартфоны;2;19945,61;0,10
15.03.2024;Центр;Воронеж;Смирнова А.;P009;Чехол кожаный;Аксессуары;15;2114,76;0,00
31.01.2024;Сибирь;Омск;Алексеева А.;P011;"Монитор 27"" 4K";Мониторы;1;44079,81;0,10
06.06.2025;Центр;Воронеж;Кузнецов С.;P009;Чехол кожаный;Аксессуары;7;2312,08;0,00
10.04.2024;Северо-Запад;Санкт-Петербург;Васильев С.;P001;Ноутбук Air 13;Ноутбуки;5;89976,30;0,00
06.02.2025;Центр;Ярославль;Кузнецов С.;P010;Зарядка 65 Вт;Аксессуары;2;3643,60;0,00
20.04.2024;Сибирь;Омск;Алексеева А.;P001;Ноутбук Air 13;Ноутбуки;1;95782,18;0,10
26.02.2025;Приволжье;Уфа;Новикова А.;P010;Зарядка 65 Вт;Аксессуары;5;3817,05;0,00
12.12.2024;Центр;Воронеж;Кузнецов С.;P010;Зарядка 65 Вт;Аксессуары;1;3936,77;0,00
23.01.2024;Сибирь;Новосибирск;Лебедев С.;P009;Чехол кожаный;Аксессуары;6;2029,68;0,15
17.01.2025;Юг;Ростов-на-Дону;Михайлов С.;P012;"Монитор 24"" FHD";Мониторы;1;16366,14;0,00
12.07.2024;Центр;Тула;Смирнова А.;P015;Умные часы Fit;Гаджеты;1;16484,04;0,00
08.01.2024;Сибирь;Новосибирск;Лебедев С.;P012;"Монитор 24"" FHD";Мониторы;2;15532,78;0,00
19.11.2024;Дальний Восток;Владивосток;Егоров С.;P009;Чехол кожаный;Аксессуары;1;2024,91;0,15
30.09.2024;Урал;Екатеринбург;Морозова А.;P012;"Монитор 24"" FHD";Мониторы;4;15477,22;0,00
04.04.2025;Центр;Ярославль;Кузнецов С.;P016;Электронная книга;Гаджеты;1;14109,64;0,00
26.05.2024;Северо-Запад;Мурманск;Васильев С.;P009;Чехол кожаный;Аксессуары;2;1974,08;0,00
23.08.2024;Центр;Воронеж;Кузнецов С.;P012;"Монитор 24"" FHD";Мониторы;2;15505,75;0,05
20.01.2025;Северо-Запад;Калининград;Попова А.;P004;Смартфон S23;Смартфоны;1;66982,09;0,00
27.12.2024;Сибирь;Новосибирск;Алексеева А.;P016;Электронная книга;Гаджеты;2;13961,64;0,00
23.04.2024;Центр;Воронеж;Смирнова А.;P009;Чехол кожаный;Аксессуары;2;1984,18;0,00
14.09.2024;Сибирь;Красноярск;Алексеева А.;P009;Чехол кожаный;Аксессуары;1;2050,20;0,00
20.10.2024;Юг;Ростов-на-Дону;Михайлов С.;P009;Чехол кожаный;Аксессуары;3;2051,90;0,15
28.02.2025;Урал;Челябинск;Волков С.;P010;Зарядка 65 Вт;Аксессуары;3;3889,86;0,00
21.06.2024;Юг;Краснодар;Михайлов С.;P004;Смартфон S23;Смартфоны;3;67112,92;0,10
14.02.2025;Центр;Ярославль;Кузнецов С.;P009;Чехол кожаный;Аксессуары;3;2196,54;0,00
14.10.2024;Северо-Запад;Калининград;Попова А.;P002;Ноутбук Pro 16;Ноутбуки;3;205514,74;0,00
01.07.2024;Приволжье;Казань;Фёдоров С.;P016;Электронная книга;Гаджеты;3;12983,95;0,00
09.07.2024;Центр;Воронеж;Кузнецов С.;P007;Наушники Buds;Аксессуары;3;8536,41;0,00
18.10.2024;Урал;Тюмень;Морозова А.;P007;Наушники Buds;Аксессуары;1;8434,59;0,00
20.02.2025;Северо-Запад;Санкт-Петербург;Васильев С.;P009;Чехол кожаный;Аксессуары;6;2122,47;0,00
26.09.2024;Центр;Воронеж;Смирнова А.;P002;Ноутбук Pro 16;Ноутбуки;1;199042,67;0,00
14.12.2024;Центр;Тула;Смирнова А.;P012;"Монитор 24"" FHD";Мониторы;3;15655,86;0,15
12.10.2024;Приволжье;Нижний Новгород;Новикова А.;P015;Умные часы Fit;Гаджеты;1;16644,80;0,05
12.02.2024;Юг;Волгоград;Михайлов С.;P009;Чехол кожаный;Аксессуары;4;2083,43;0,00
21.06.2024;Дальний Восток;Хабаровск;Егоров С.;P013;Планшет Tab 11;Планшеты;1;40049,86;0,00
17.08.2024;Центр;Воронеж;Смирнова А.;P010;Зарядка 65 Вт;Аксессуары;12;3547,15;0,05
31.03.2025;Центр;Москва;Кузнецов С.;P010;Зарядка 65 Вт;Аксессуары;13;3818,90;0,00
28.06.2025;Центр;Москва;Смирнова А.;P005;Смартфон Lite;Смартфоны;3;21931,24;0,00
06.03.2025;Юг;Ростов-на-Дону;Соколова А.;P002;Ноутбук Pro 16;Ноутбуки;2;200812,85;0,10
17.09.2024;Центр;Воронеж;Смирнова А.;P009;Чехол кожаный;Аксессуары;1;2079,96;0,00
18.05.2024;Юг;Краснодар;Михайлов С.;P009;Чехол кожаный;Аксессуары;6;1952,73;0,15
09.03.2025;Сибирь;Новосибирск;Лебедев С.;P008;Наушники Studio;Аксессуары;1;28098,53;0,00
06.04.2025;Северо-Запад;Мурманск;Васильев С.;P007;Наушники Buds;Аксессуары;1;8961,47;0,00
01.06.2024;Центр;Воронеж;Кузнецов С.;P013;Планшет Tab 11;Планшеты;2;39787,23;0,00
02.10.2024;Урал;Екатеринбург;Морозова А.;P009;Чехол кожаный;Аксессуары;3;2170,72;0,05
28.03.2024;Сибирь;Красноярск;Алексеева А.;P013;Планшет Tab 11;Планшеты;1;42598,17;0,00
22.03.2024;Юг;Волгоград;Соколова А.;P001;Ноутбук Air 13;Ноутбуки;1;90887,99;0,00
16.04.2025;Центр;Воронеж;Смирнова А.;P009;Чехол кожаный;Аксессуары;1;2129,85;0,00
11.07.2024;Центр;Тула;Кузнецов С.;P009;Чехол кожаный;Аксессуары;2;2051,99;0,00
13.02.2025;Юг;Ростов-на-Дону;Соколова А.;P007;Наушники Buds;Аксессуары;12;8707,43;0,00
10.03.2025;Урал;Челябинск;Морозова А.;P009;Чехол кожаный;Аксессуары;2;2177,64;0,00
17.04.2025;Северо-Запад;Калининград;Попова А.;P007;Наушники Buds;Аксессуары;11;8894,73;0,15
16.01.2025;Приволжье;Самара;Фёдоров С.;P016;Электронная книга;Гаджеты;1;13883,07;0,05
11.01.2025;Северо-Запад;Мурманск;Попова А.;P010;Зарядка 65 Вт;Аксессуары;10;3800,08;0,00
21.09.2024;Приволжье;Казань;Новикова А.;P009;Чехол кожаный;Аксессуары;1;2120,69;0,00
25.02.2024;Центр;Ярославль;Смирнова А.;P009;Чехол кожаный;Аксессуары;7;2111,00;0,10
27.09.2024;Центр;Ярославль;Смирнова А.;P013;Планшет Tab 11;Планшеты;1;43920,94;0,00
26.07.2024;Юг;Ростов-на-Дону;Михайлов С.;P010;Зарядка 65 Вт;Аксессуары;7;3728,71;0,00
22.10.2024;Северо-Запад;Мурманск;Васильев С.;P010;Зарядка 65 Вт;Аксессуары;2;3747,72;0,05
29.04.2025;Северо-Запад;Санкт-Петербург;Попова А.;P010;Зарядка 65 Вт;Аксессуары;8;3844,31;0,00
07.04.2025;Центр;Воронеж;Кузнецов С.;P009;Чехол кожаный;Аксессуары;5;2165,96;0,00
18.06.2024;Дальний Восток;Хабаровск;Егоров С.;P011;"Монитор 27"" 4K";Мониторы;2;43242,95;0,05
16.05.2025;Северо-Запад;Санкт-Петербург;Попова А.;P014;Планшет Mini;Планшеты;1;31650,69;0,00
01.02.2024;Сибирь;Омск;Лебедев С.;P012;"Монитор 24"" FHD";Мониторы;3;15418,14;0,00
14.06.2025;Приволжье;Самара;Новикова А.;P003;Ультрабук Slim;Ноутбуки;1;137449,27;0,00
05.01.2024;Центр;Тула;Смирнова А.;P010;Зарядка 65 Вт;Аксессуары;3;3451,96;0,15
19.06.2025;Приволжье;Казань;Новикова А.;P010;Зарядка 65 Вт;Аксессуары;20;4087,99;0,00
04.03.2024;Северо-Запад;Мурманск;Васильев С.;P012;"Монитор 24"" FHD";Мониторы;2;14748,10;0,00
23.05.2025;Приволжье;Самара;Фёдоров С.;P016;Электронная книга;Гаджеты;1;14322,98;0,00
06.12.2024;Северо-Запад;Калининград;Васильев С.;P010;Зарядка 65 Вт;Аксессуары;1;3784,64;0,00
09.12.2024;Сибирь;Омск;Алексеева А.;P007;Наушники Buds;Аксессуары;2;8538,68;0,00
07.01.2025;Центр;Ярославль;Кузнецов С.;P001;Ноутбук Air 13;Ноутбуки;7;95131,94;0,00
14.03.2024;Центр;Воронеж;Кузнецов С.;P010;Зарядка 65 Вт;Аксессуары;6;3376,38;0,00
14.04.2025;Урал;Тюмень;Морозова А.;P009;Чехол кожаный;Аксессуары;1;2160,96;0,15
28.04.2024;Сибирь;Омск;Лебедев С.;P004;Смартфон S23;Смартфоны;2;67900,33;0,15
11.04.2025;Урал;Екатеринбург;Морозова А.;P010;Зарядка 65 Вт;Аксессуары;5;3701,23;0,00
12.01.2025;Центр;Тула;Кузнецов С.;P015;Умные часы Fit;Гаджеты;4;17942,76;0,00
16.05.2024;Северо-Запад;Калининград;Попова А.;P009;Чехол кожаный;Аксессуары;3;2106,27;0,00
18.05.2025;Урал;Екатеринбург;Морозова А.;P012;"Монитор 24"" FHD";Мониторы;1;17050,08;0,10
19.12.2024;Урал;Екатеринбург;Волков С.;P012;"Монитор 24"" FHD";Мониторы;1;15490,49;0,10
12.09.2024;Центр;Воронеж;Кузнецов С.;P008;Наушники Studio;Аксессуары;5;27656,94;0,15
03.04.2024;Центр;Ярославль;Кузнецов С.;P008;Наушники Studio;Аксессуары;1;25034,74;0,15
12.10.2024;Приволжье;Нижний Новгород;Фёдоров С.;P010;Зарядка 65 Вт;Аксессуары;2;3656,36;0,05
02.01.2025;Центр;Тула;Смирнова А.;P009;Чехол кожаный;Аксессуары;2;2237,75;0,15
14.03.2024;Дальний Восток;Владивосток;Семёнова А.;P009;Чехол кожаный;Аксессуары;6;1959,34;0,00
01.04.2025;Юг;Ростов-на-Дону;Михайлов С.;P005;Смартфон Lite;Смартфоны;1;21028,56;0,00
07.11.2024;Центр;Тула;Кузнецов С.;P009;Чехол кожаный;Аксессуары;2;2145,29;0,15
18.06.2024;Урал;Челябинск;Морозова А.;P012;"Монитор 24"" FHD";Мониторы;2;15884,16;0,05
10.04.2024;Центр;Тула;Смирнова А.;P007;Наушники Buds;Аксессуары;3;8133,90;0,00
07.10.2024;Урал;Екатеринбург;Волков С.;P010;Зарядка 65 Вт;Аксессуары;8;3863,23;0,00
13.04.2025;Дальний Восток;Хабаровск;Семёнова А.;P007;Наушники Buds;Аксессуары;6;8699,22;0,00
06.05.2024;Центр;Ярославль;Кузнецов С.;P010;Зарядка 65 Вт;Аксессуары;1;3707,11;0,00
23.05.2024;Урал;Екатеринбург;Морозова А.;P004;Смартфон S23;Смартфоны;1;64144,04;0,00
12.07.2024;Северо-Запад;Мурманск;Васильев С.;P014;Планшет Mini;Планшеты;1;29994,60;0,00
18.08.2024;Центр;Ярославль;Кузнецов С.;P004;Смартфон S23;Смартфоны;1;65095,91;0,00
06.04.2025;Сибирь;Новосибирск;Алексеева А.;P009;Чехол кожаный;Аксессуары;4;2180,46;0,00
08.01.2024;Сибирь;Новосибирск;Лебедев С.;P010;Зарядка 65 Вт;Аксессуары;4;3546,25;0,00
11.05.2025;Урал;Тюмень;Волков С.;P015;Умные часы Fit;Гаджеты;2;17937,02;0,00
13.07.2024;Сибирь;Красноярск;Алексеева А.;P007;Наушники Buds;Аксессуары;1;8091,24;0,15
11.02.2025;Юг;Ростов-на-Дону;Соколова А.;P016;Электронная книга;Гаджеты;1;13918,86;0,10
02.02.2025;Сибирь;Новосибирск;Алексеева А.;P009;Чехол кожаный;Аксессуары;8;2200,26;0,15
19.06.2024;Центр;Москва;Кузнецов С.;P007;Наушники Buds;Аксессуары;2;8136,65;0,00
02.11.2024;Центр;Москва;Смирнова А.;P015;Умные часы Fit;Гаджеты;2;16242,48;0,00
14.05.2025;Центр;Тула;Кузнецов С.;P016;Электронная книга;Гаджеты;1;13380,81;0,00
28.08.2024;Сибирь;Омск;Лебедев С.;P007;Наушники Buds;Аксессуары;4;8475,85;0,00
20.06.2025;Северо-Запад;Мурманск;Попова А.;P010;Зарядка 65 Вт;Аксессуары;1;3819,80;0,00
07.02.2025;Центр;Ярославль;Кузнецов С.;P013;Планшет Tab 11;Планшеты;1;45067,66;0,05
14.04.2024;Северо-Запад;Мурманск;Попова А.;P010;Зарядка 65 Вт;Аксессуары;8;3709,60;0,00
13.09.2024;Центр;Тула;Кузнецов С.;P010;Зарядка 65 Вт;Аксессуары;3;3854,63;0,00
01.01.2025;Центр;Воронеж;Кузнецов С.;P016;Электронная книга;Гаджеты;1;13780,16;0,00
12.12.2024;Урал;Тюмень;Волков С.;P010;Зарядка 65 Вт;Аксессуары;15;3643,96;0,10
12.10.2024;Центр;Москва;Кузнецов С.;P009;Чехол кожаный;Аксессуары;2;2115,97;0,05
18.02.2024;Центр;Ярославль;Смирнова А.;P004;Смартфон S23;Смартфоны;2;67903,97;0,00
11.03.2024;Центр;Тула;Смирнова А.;P007;Наушники Buds;Аксессуары;8;8280,84;0,00
25.10.2024;Приволжье;Нижний Новгород;Новикова А.;P009;Чехол кожаный;Аксессуары;3;2204,75;0,15
14.03.2024;Северо-Запад;Мурманск;Васильев С.;P008;Наушники Studio;Аксессуары;4;24160,94;0,00
03.04.2025;Центр;Воронеж;Кузнецов С.;P008;Наушники Studio;Аксессуары;3;26191,36;0,00
31.01.2025;Урал;Екатеринбург;Волков С.;P007;Наушники Buds;Аксессуары;2;8445,03;0,00
27.03.2025;Урал;Челябинск;Морозова А.;P012;"Монитор 24"" FHD";Мониторы;3;16620,19;0,15
10.07.2024;Сибирь;Новосибирск;Алексеева А.;P004;Смартфон S23;Смартфоны;3;65214,94;0,00
06.10.2024;Северо-Запад;Калининград;Попова А.;P007;Наушники Buds;Аксессуары;1;8878,02;0,10
13.12.2024;Приволжье;Самара;Фёдоров С.;P011;"Монитор 27"" 4K";Мониторы;3;44789,05;0,00
23.06.2025;Северо-Запад;Санкт-Петербург;Васильев С.;P004;Смартфон S23;Смартфоны;1;73818,04;0,00
06.02.2024;Дальний Восток;Хабаровск;Егоров С.;P012;"Монитор 24"" FHD";Мониторы;2;14361,75;0,10
22.02.2025;Сибирь;Красноярск;Алексеева А.;P010;Зарядка 65 Вт;Аксессуары;4;3860,69;0,00
16.05.2024;Центр;Ярославль;Смирнова А.;P006;Смартфон Max;Смартфоны;2;109093,12;0,15
27.02.2024;Северо-Запад;Мурманск;Васильев С.;P009;Чехол кожаный;Аксессуары;2;2104,79;0,00
09.03.2024;Центр;Москва;Смирнова А.;P013;Планшет Tab 11;Планшеты;1;41201,60;0,00
17.03.2024;Сибирь;Омск;Лебедев С.;P015;Умные часы Fit;Гаджеты;1;16825,90;0,00
28.05.2024;Урал;Тюмень;Волков С.;P016;Электронная книга;Гаджеты;4;12648,64;0,00
15.11.2024;Дальний Восток;Хабаровск;Егоров С.;P007;Наушники Buds;Аксессуары;5;8402,70;0,00
03.01.2025;Приволжье;Самара;Новикова А.;P009;Чехол кожаный;Аксессуары;15;2146,37;0,05
21.04.2025;Центр;Ярославль;Смирнова А.;P010;Зарядка 65 Вт;Аксессуары;8;3951,21;0,00
06.05.2024;Северо-Запад;Калининград;Попова А.;P007;Наушники Buds;Аксессуары;6;8001,95;0,00
24.08.2024;Урал;Тюмень;Морозова А.;P001;Ноутбук Air 13;Ноутбуки;1;94134,58;0,00
11.04.2024;Сибирь;Новосибирск;Лебедев С.;P009;Чехол кожаный;Аксессуары;1;1993,00;0,00
06.05.2025;Северо-Запад;Санкт-Петербург;Васильев С.;P010;Зарядка 65 Вт;Аксессуары;3;3678,86;0,15
02.03.2024;Дальний Восток;Владивосток;Егоров С.;P009;Чехол кожаный;Аксессуары;3;2113,94;0,10
05.02.2024;Центр;Воронеж;Кузнецов С.;P007;Наушники Buds;Аксессуары;3;8131,75;0,05
07.01.2025;Приволжье;Уфа;Новикова А.;P004;Смартфон S23;Смартфоны;1;68668,26;0,00
28.02.2025;Приволжье;Казань;Новикова А.;P016;Электронная книга;Гаджеты;3;13906,24;0,00
09.05.2025;Северо-Запад;Санкт-Петербург;Васильев С.;P012;"Монитор 24"" FHD";Мониторы;1;16140,96;0,00
12.01.2024;Центр;Москва;Кузнецов С.;P007;Наушники Buds;Аксессуары;1;8094,46;0,10
17.07.2024;Центр;Тула;Кузнецов С.;P003;Ультрабук Slim;Ноутбуки;4;120437,86;0,00
27.01.2024;Приволжье;Казань;Фёдоров С.;P004;Смартфон S23;Смартфоны;1;64960,29;0,00
24.05.2025;Северо-Запад;Санкт-Петербург;Попова А.;P008;Наушники Studio;Аксессуары;1;27076,75;0,00
27.06.2024;Центр;Москва;Смирнова А.;P010;Зарядка 65 Вт;Аксессуары;1;3660,43;0,05
04.01.2024;Приволжье;Казань;Новикова А.;P014;Планшет Mini;Планшеты;3;28200,54;0,10
28.01.2025;Приволжье;Уфа;Фёдоров С.;P016;Электронная книга;Гаджеты;10;13784,84;0,00
04.07.2024;Урал;Челябинск;Волков С.;P003;Ультрабук Slim;Ноутбуки;1;119720,04;0,10
20.01.2024;Урал;Екатеринбург;Волков С.;P016;Электронная книга;Гаджеты;1;12198,45;0,00
06.02.2024;Северо-Запад;Санкт-Петербург;Васильев С.;P005;Смартфон Lite;Смартфоны;2;19015,12;0,00
03.05.2025;Юг;Краснодар;Михайлов С.;P010;Зарядка 65 Вт;Аксессуары;1;3680,62;0,00
14.05.2025;Приволжье;Уфа;Новикова А.;P009;Чехол кожаный;Аксессуары;12;2224,03;0,00
24.03.2024;Центр;Ярославль;Кузнецов С.;P016;Электронная книга;Гаджеты;2;13056,88;0,00
11.01.2025;Центр;Ярославль;Кузнецов С.;P010;Зарядка 65 Вт;Аксессуары;10;3677,83;0,00
01.04.2024;Северо-Запад;Санкт-Петербург;Попова А.;P010;Зарядка 65 Вт;Аксессуары;4;3719,41;0,00
27.03.2025;Приволжье;Уфа;Новикова А.;P008;Наушники Studio;Аксессуары;3;26961,79;0,15
07.01.2025;Приволжье;Уфа;Фёдоров С.;P012;"Монитор 24"" FHD";Мониторы;1;15925,95;0,00
25.03.2025;Урал;Челябинск;Морозова А.;P009;Чехол кожаный;Аксессуары;6;2077,74;0,00
14.09.2024;Центр;Ярославль;Кузнецов С.;P005;Смартфон Lite;Смартфоны;3;20276,88;0,00
09.04.2025;Сибирь;Новосибирск;Лебедев С.;P010;Зарядка 65 Вт;Аксессуары;2;4012,07;0,00
19.02.2025;Приволжье;Уфа;Новикова А.;P009;Чехол кожаный;Аксессуары;4;2160,05;0,15
16.12.2024;Урал;Тюмень;Морозова А.;P012;"Монитор 24"" FHD";Мониторы;1;16906,99;0,00
02.01.2025;Урал;Челябинск;Морозова А.;P009;Чехол кожаный;Аксессуары;6;2245,48;0,10
18.04.2025;Урал;Екатеринбург;Волков С.;P007;Наушники Buds;Аксессуары;3;9159,95;0,00
29.08.2024;Урал;Тюмень;Волков С.;P005;Смартфон Lite;Смартфоны;4;20702,01;0,00
28.05.2025;Северо-Запад;Мурманск;Васильев С.;P015;Умные часы Fit;Гаджеты;1;17857,14;0,00
20.01.2025;Сибирь;Красноярск;Алексеева А.;P008;Наушники Studio;Аксессуары;1;28249,68;0,05
24.05.2025;Приволжье;Самара;Новикова А.;P005;Смартфон Lite;Смартфоны;1;20717,90;0,00
02.12.2024;Центр;Воронеж;Смирнова А.;P007;Наушники Buds;Аксессуары;4;8967,81;0,00
12.01.2025;Северо-Запад;Санкт-Петербург;Васильев С.;P005;Смартфон Lite;Смартфоны;2;21109,75;0,15
22.06.2025;Северо-Запад;Мурманск;Попова А.;P009;Чехол кожаный;Аксессуары;1;2305,67;0,00
08.09.2024;Центр;Москва;Смирнова А.;P012;"Монитор 24"" FHD";Мониторы;3;15150,83;0,00
29.01.2024;Центр;Ярославль;Кузнецов С.;P004;Смартфон S23;Смартфоны;2;64310,02;0,00
01.05.2025;Приволжье;Нижний Новгород;Фёдоров С.;P002;Ноутбук Pro 16;Ноутбуки;1;202018,32;0,00
01.07.2024;Центр;Москва;Смирнова А.;P009;Чехол кожаный;Аксессуары;3;1989,57;0,15
09.09.2024;Приволжье;Казань;Фёдоров С.;P009;Чехол кожаный;Аксессуары;17;2123,96;0,05
13.02.2024;Центр;Ярославль;Смирнова А.;P011;"Монитор 27"" 4K";Мониторы;2;41286,75;0,00
07.10.2024;Сибирь;Омск;Алексеева А.;P012;"Монитор 24"" FHD";Мониторы;1;16395,71;0,15
23.08.2024;Приволжье;Нижний Новгород;Новикова А.;P010;Зарядка 65 Вт;Аксессуары;1;3669,26;0,10
14.02.2025;Сибирь;Омск;Лебедев С.;P010;Зарядка 65 Вт;Аксессуары;3;3775,69;0,00
30.01.2024;Центр;Ярославль;Смирнова А.;P010;Зарядка 65 Вт;Аксессуары;5;3345,96;0,15
29.04.2024;Центр;Тула;Кузнецов С.;P009;Чехол кожаный;Аксессуары;4;2057,14;0,00
30.10.2024;Дальний Восток;Владивосток;Семёнова А.;P009;Чехол кожаный;Аксессуары;1;2118,11;0,05
07.02.2025;Центр;Воронеж;Кузнецов С.;P007;Наушники Buds;Аксессуары;4;8958,43;0,05
12.01.2025;Центр;Ярославль;Кузнецов С.;P016;Электронная книга;Гаджеты;1;13206,56;0,00
17.06.2025;Центр;Ярославль;Кузнецов С.;P008;Наушники Studio;Аксессуары;1;27085,17;0,05
12.08.2024;Центр;Воронеж;Кузнецов С.;P003;Ультрабук Slim;Ноутбуки;2;131976,56;0,00
30.05.2025;Сибирь;Красноярск;Лебедев С.;P016;Электронная книга;Гаджеты;2;14133,78;0,00
23.03.2024;Сибирь;Красноярск;Лебедев С.;P012;"Монитор 24"" FHD";Мониторы;1;14735,81;0,00
19.02.2025;Центр;Тула;Смирнова А.;P005;Смартфон Lite;Смартфоны;1;21159,59;0,00
19.05.2025;Центр;Москва;Кузнецов С.;P009;Чехол кожаный;Аксессуары;5;2240,34;0,00
04.05.2025;Центр;Ярославль;Смирнова А.;P014;Планшет Mini;Планшеты;3;29540,55;0,00
16.03.2024;Центр;Москва;Смирнова А.;P015;Умные часы Fit;Гаджеты;1;15992,58;0,00
24.02.2024;Урал;Тюмень;Волков С.;P007;Наушники Buds;Аксессуары;6;8006,79;0,00
12.05.2024;Центр;Москва;Кузнецов С.;P009;Чехол кожаный;Аксессуары;1;2026,41;0,00
20.05.2024;Юг;Волгоград;Соколова А.;P003;Ультрабук Slim;Ноутбуки;1;129124,57;0,00
30.01.2024;Приволжье;Нижний Новгород;Новикова А.;P007;Наушники Buds;Аксессуары;2;8053,55;0,00
21.04.2025;Урал;Челябинск;Волков С.;P014;Планшет Mini;Планшеты;2;31008,51;0,15
08.09.2024;Урал;Тюмень;Волков С.;P008;Наушники Studio;Аксессуары;7;25085,32;0,00
21.01.2025;Центр;Тула;Кузнецов С.;P015;Умные часы Fit;Гаджеты;1;18209,84;0,00
05.04.2025;Сибирь;Красноярск;Лебедев С.;P009;Чехол кожаный;Аксессуары;2;2298,17;0,00
07.11.2024;Урал;Тюмень;Волков С.;P015;Умные часы Fit;Гаджеты;2;17225,01;0,10
19.11.2024;Приволжье;Казань;Новикова А.;P007;Наушники Buds;Аксессуары;6;8794,75;0,05
14.10.2024;Центр;Москва;Кузнецов С.;P016;Электронная книга;Гаджеты;2;13202,60;0,00
01.01.2024;Приволжье;Нижний Новгород;Новикова А.;P009;Чехол кожаный;Аксессуары;1;2054,33;0,00
11.04.2024;Северо-Запад;Санкт-Петербург;Попова А.;P014;Планшет Mini;Планшеты;1;28951,71;0,05
08.06.2024;Приволжье;Самара;Фёдоров С.;P010;Зарядка 65 Вт;Аксессуары;1;3673,63;0,00
13.02.2024;Урал;Тюмень;Морозова А.;P015;Умные часы Fit;Гаджеты;4;15551,27;0,05
08.12.2024;Урал;Тюмень;Морозова А.;P004;Смартфон S23;Смартфоны;1;69601,95;0,00
29.01.2024;Центр;Тула;Кузнецов С.;P009;Чехол кожаный;Аксессуары;3;1987,71;0,00
14.08.2024;Приволжье;Уфа;Фёдоров С.;P013;Планшет Tab 11;Планшеты;1;42407,78;0,00
03.05.2025;Северо-Запад;Калининград;Васильев С.;P002;Ноутбук Pro 16;Ноутбуки;1;206204,50;0,05
24.10.2024;Северо-Запад;Мурманск;Попова А.;P006;Смартфон Max;Смартфоны;1;113899,58;0,05
29.10.2024;Урал;Екатеринбург;Волков С.;P010;Зарядка 65 Вт;Аксессуары;2;3727,01;0,10
05.04.2024;Центр;Воронеж;Смирнова А.;P007;Наушники Buds;Аксессуары;1;8207,09;0,15
07.02.2024;Юг;Волгоград;Михайлов С.;P012;"Монитор 24"" FHD";Мониторы;1;15320,09;0,00
30.06.2025;Приволжье;Самара;Новикова А.;P009;Чехол кожаный;Аксессуары;5;2223,71;0,00
07.04.2025;Приволжье;Нижний Новгород;Новикова А.;P013;Планшет Tab 11;Планшеты;1;43437,86;0,00
25.02.2025;Северо-Запад;Мурманск;Васильев С.;P002;Ноутбук Pro 16;Ноутбуки;1;203609,15;0,00
25.06.2025;Юг;Ростов-на-Дону;Михайлов С.;P007;Наушники Buds;Аксессуары;6;8582,22;0,00
22.04.2024;Приволжье;Казань;Фёдоров С.;P010;Зарядка 65 Вт;Аксессуары;2;3634,53;0,00
13.01.2024;Приволжье;Казань;Новикова А.;P009;Чехол кожаный;Аксессуары;1;2076,07;0,05
09.01.2024;Центр;Тула;Смирнова А.;P002;Ноутбук Pro 16;Ноутбуки;4;190451,12;0,05
20.05.2024;Центр;Воронеж;Кузнецов С.;P010;Зарядка 65 Вт;Аксессуары;1;3653,37;0,00
06.04.2025;Центр;Воронеж;Смирнова А.;P006;Смартфон Max;Смартфоны;2;123900,68;0,00
12.11.2024;Северо-Запад;Мурманск;Попова А.;P009;Чехол кожаный;Аксессуары;8;2147,05;0,10
03.05.2024;Приволжье;Уфа;Новикова А.;P006;Смартфон Max;Смартфоны;3;113550,59;0,00
20.10.2024;Дальний Восток;Хабаровск;Семёнова А.;P007;Наушники Buds;Аксессуары;1;8342,79;0,00
05.01.2024;Центр;Ярославль;Смирнова А.;P012;"Монитор 24"" FHD";Мониторы;3;14991,44;0,00
19.02.2024;Северо-Запад;Калининград;Васильев С.;P016;Электронная книга;Гаджеты;2;12495,16;0,00
17.07.2024;Северо-Запад;Санкт-Петербург;Попова А.;P015;Умные часы Fit;Гаджеты;3;16975,04;0,05
21.12.2024;Приволжье;Самара;Новикова А.;P007;Наушники Buds;Аксессуары;2;8355,18;0,00
19.06.2024;Северо-Запад;Калининград;Васильев С.;P014;Планшет Mini;Планшеты;2;28724,68;0,05
29.07.2024;Приволжье;Казань;Фёдоров С.;P015;Умные часы Fit;Гаджеты;4;16891,04;0,15
07.04.2025;Урал;Екатеринбург;Волков С.;P005;Смартфон Lite;Смартфоны;2;21122,80;0,05
10.04.2024;Дальний Восток;Хабаровск;Егоров С.;P004;Смартфон S23;Смартфоны;1;65845,64;0,00
23.06.2024;Урал;Челябинск;Волков С.;P010;Зарядка 65 Вт;Аксессуары;12;3455,27;0,00
17.09.2024;Дальний Восток;Хабаровск;Егоров С.;P012;"Монитор 24"" FHD";Мониторы;3;16512,15;0,00
22.09.2024;Юг;Краснодар;Михайлов С.;P009;Чехол кожаный;Аксессуары;1;2202,78;0,15
02.12.2024;Центр;Тула;Кузнецов С.;P009;Чехол кожаный;Аксессуары;4;2031,08;0,05
27.10.2024;Урал;Челябинск;Морозова А.;P006;Смартфон Max;Смартфоны;4;122687,25;0,15
19.12.2024;Приволжье;Самара;Новикова А.;P009;Чехол кожаный;Аксессуары;1;2182,99;0,00
06.11.2024;Сибирь;Омск;Алексеева А.;P005;Смартфон Lite;Смартфоны;3;20286,19;0,00
24.01.2024;Приволжье;Самара;Новикова А.;P016;Электронная книга;Гаджеты;1;13052,51;0,00
26.09.2024;Центр;Москва;Смирнова А.;P007;Наушники Buds;Аксессуары;2;8478,97;0,00
26.05.2024;Юг;Ростов-на-Дону;Соколова А.;P006;Смартфон Max;Смартфоны;1;116947,95;0,15
09.03.2024;Центр;Москва;Смирнова А.;P003;Ультрабук Slim;Ноутбуки;1;126788,61;0,10
19.03.2024;Центр;Москва;Кузнецов С.;P012;"Монитор 24"" FHD";Мониторы;1;15700,73;0,15
07.04.2024;Сибирь;Красноярск;Алексеева А.;P007;Наушники Buds;Аксессуары;3;8025,36;0,00
15.11.2024;Юг;Ростов-на-Дону;Михайлов С.;P012;"Монитор 24"" FHD";Мониторы;4;16018,28;0,15
09.06.2024;Урал;Екатеринбург;Морозова А.;P013;Планшет Tab 11;Планшеты;1;40270,70;0,00
14.04.2024;Северо-Запад;Санкт-Петербург;Попова А.;P014;Планшет Mini;Планшеты;1;29103,53;0,00
27.08.2024;Приволжье;Казань;Фёдоров С.;P001;Ноутбук Air 13;Ноутбуки;3;96354,96;0,00
23.02.2024;Урал;Челябинск;Морозова А.;P014;Планшет Mini;Планшеты;1;27507,23;0,00
14.02.2025;Урал;Екатеринбург;Волков С.;P005;Смартфон Lite;Смартфоны;1;20449,93;0,00
30.03.2024;Центр;Москва;Смирнова А.;P001;Ноутбук Air 13;Ноутбуки;2;94087,88;0,00
22.07.2024;Приволжье;Казань;Новикова А.;P005;Смартфон Lite;Смартфоны;2;20504,95;0,00
19.03.2024;Центр;Тула;Кузнецов С.;P015;Умные часы Fit;Гаджеты;1;15461,60;0,00
31.03.2024;Юг;Краснодар;Михайлов С.;P001;Ноутбук Air 13;Ноутбуки;2;94705,23;0,05
06.01.2025;Северо-Запад;Мурманск;Васильев С.;P010;Зарядка 65 Вт;Аксессуары;14;3747,71;0,15
21.12.2024;Центр;Москва;Кузнецов С.;P010;Зарядка 65 Вт;Аксессуары;1;3583,45;0,00
02.04.2025;Центр;Москва;Смирнова А.;P013;Планшет Tab 11;Планшеты;5;43052,18;0,15
18.08.2024;Центр;Ярославль;Кузнецов С.;P011;"Монитор 27"" 4K";Мониторы;3;44175,22;0,10
03.07.2024;Центр;Воронеж;Смирнова А.;P005;Смартфон Lite;Смартфоны;4;20458,78;0,10
30.03.2025;Приволжье;Казань;Фёдоров С.;P009;Чехол кожаный;Аксессуары;12;2180,44;0,00
16.02.2025;Дальний Восток;Хабаровск;Егоров С.;P009;Чехол кожаный;Аксессуары;3;2180,77;0,00
23.10.2024;Центр;Тула;Смирнова А.;P016;Электронная книга;Гаджеты;1;13665,87;0,00
16.03.2024;Приволжье;Уфа;Фёдоров С.;P009;Чехол кожаный;Аксессуары;12;1949,00;0,00
13.02.2025;Северо-Запад;Калининград;Попова А.;P010;Зарядка 65 Вт;Аксессуары;3;3859,36;0,00
06.02.2024;Урал;Екатеринбург;Морозова А.;P007;Наушники Buds;Аксессуары;4;8397,34;0,00
17.03.2024;Приволжье;Самара;Фёдоров С.;P010;Зарядка 65 Вт;Аксессуары;6;3581,65;0,00
18.06.2025;Северо-Запад;Мурманск;Васильев С.;P002;Ноутбук Pro 16;Ноутбуки;2;206832,63;0,00
12.04.2025;Центр;Москва;Смирнова А.;P016;Электронная книга;Гаджеты;1;13326,81;0,10
02.09.2024;Центр;Москва;Смирнова А.;P009;Чехол кожаный;Аксессуары;4;2109,45;0,00
16.04.2024;Приволжье;Самара;Новикова А.;P009;Чехол кожаный;Аксессуары;1;2137,74;0,00
17.06.2025;Юг;Ростов-на-Дону;Михайлов С.;P015;Умные часы Fit;Гаджеты;3;17767,89;0,00
24.05.2024;Северо-Запад;Санкт-Петербург;Попова А.;P015;Умные часы Fit;Гаджеты;2;15778,72;0,00
14.09.2024;Дальний Восток;Владивосток;Егоров С.;P009;Чехол кожаный;Аксессуары;1;2100,93;0,00
06.06.2024;Центр;Ярославль;Кузнецов С.;P015;Умные часы Fit;Гаджеты;1;16274,56;0,05
23.04.2024;Дальний Восток;Хабаровск;Егоров С.;P009;Чехол кожаный;Аксессуары;7;2066,66;0,00
13.03.2025;Центр;Москва;Кузнецов С.;P005;Смартфон Lite;Смартфоны;3;20727,49;0,00
27.02.2024;Сибирь;Красноярск;Лебедев С.;P009;Чехол кожаный;Аксессуары;2;2070,10;0,10
13.06.2024;Урал;Тюмень;Волков С.;P009;Чехол кожаный;Аксессуары;8;1978,52;0,00
15.06.2024;Приволжье;Самара;Новикова А.;P010;Зарядка 65 Вт;Аксессуары;13;3506,64;0,00
11.02.2025;Приволжье;Нижний Новгород;Новикова А.;P006;Смартфон Max;Смартфоны;1;115444,25;0,00
25.05.2024;Приволжье;Самара;Фёдоров С.;P008;Наушники Studio;Аксессуары;2;26740,74;0,10
21.10.2024;Центр;Ярославль;Кузнецов С.;P007;Наушники Buds;Аксессуары;2;8240,59;0,00
17.03.2025;Урал;Екатеринбург;Волков С.;P005;Смартфон Lite;Смартфоны;2;21750,51;0,00
31.08.2024;Приволжье;Самара;Фёдоров С.;P010;Зарядка 65 Вт;Аксессуары;2;3540,18;0,00
17.11.2024;Центр;Воронеж;Смирнова А.;P008;Наушники Studio;Аксессуары;2;27132,60;0,00
10.10.2024;Сибирь;Новосибирск;Лебедев С.;P008;Наушники Studio;Аксессуары;3;26558,65;0,00
28.06.2025;Юг;Краснодар;Соколова А.;P016;Электронная книга;Гаджеты;2;13443,45;0,10
02.09.2024;Урал;Тюмень;Морозова А.;P010;Зарядка 65 Вт;Аксессуары;1;3600,62;0,05
12.02.2024;Дальний Восток;Хабаровск;Егоров С.;P010;Зарядка 65 Вт;Аксессуары;2;3405,59;0,00
21.04.2024;Центр;Воронеж;Смирнова А.;P003;Ультрабук Slim;Ноутбуки;2;119518,35;0,00
21.11.2024;Центр;Ярославль;Кузнецов С.;P012;"Монитор 24"" FHD";Мониторы;4;15507,88;0,00
15.01.2025;Урал;Челябинск;Волков С.;P010;Зарядка 65 Вт;Аксессуары;9;3938,29;0,00
23.12.2024;Центр;Воронеж;Кузнецов С.;P010;Зарядка 65 Вт;Аксессуары;1;3895,12;0,05
28.12.2024;Северо-Запад;Мурманск;Васильев С.;P009;Чехол кожаный;Аксессуары;2;2086,25;0,00
12.04.2025;Центр;Ярославль;Смирнова А.;P008;Наушники Studio;Аксессуары;1;26589,55;0,00
25.04.2024;Центр;Ярославль;Кузнецов С.;P009;Чехол кожаный;Аксессуары;5;2002,48;0,00
06.03.2025;Юг;Волгоград;Михайлов С.;P011;"Монитор 27"" 4K";Мониторы;2;47039,09;0,15
16.11.2024;Центр;Тула;Смирнова А.;P012;"Монитор 24"" FHD";Мониторы;1;15986,05;0,00
05.01.2024;Урал;Тюмень;Волков С.;P008;Наушники Studio;Аксессуары;1;25471,53;0,00
07.02.2025;Северо-Запад;Мурманск;Попова А.;P009;Чехол кожаный;Аксессуары;6;2269,43;0,10
17.05.2025;Урал;Челябинск;Морозова А.;P001;Ноутбук Air 13;Ноутбуки;1;100260,58;0,00
04.12.2024;Приволжье;Казань;Фёдоров С.;P010;Зарядка 65 Вт;Аксессуары;3;3897,33;0,00
02.05.2024;Северо-Запад;Мурманск;Попова А.;P009;Чехол кожаный;Аксессуары;3;1983,55;0,05
30.05.2025;Центр;Воронеж;Смирнова А.;P009;Чехол кожаный;Аксессуары;8;2128,44;0,00
05.01.2025;Урал;Челябинск;Морозова А.;P005;Смартфон Lite;Смартфоны;6;20777,90;0,00
02.05.2024;Приволжье;Самара;Новикова А.;P015;Умные часы Fit;Гаджеты;1;17208,27;0,00
30.01.2025;Центр;Тула;Смирнова А.;P011;"Монитор 27"" 4K";Мониторы;1;46454,44;0,00
30.03.2024;Дальний Восток;Владивосток;Егоров С.;P016;Электронная книга;Гаджеты;2;12386,05;0,00
02.05.2024;Северо-Запад;Мурманск;Васильев С.;P009;Чехол кожаный;Аксессуары;2;1960,25;0,00
03.06.2024;Центр;Москва;Кузнецов С.;P010;Зарядка 65 Вт;Аксессуары;11;3585,58;0,00
27.05.2024;Приволжье;Казань;Новикова А.;P010;Зарядка 65 Вт;Аксессуары;1;3654,29;0,00
29.07.2024;Урал;Тюмень;Морозова А.;P015;Умные часы Fit;Гаджеты;2;16535,20;0,00
11.09.2024;Приволжье;Нижний Новгород;Фёдоров С.;P008;Наушники Studio;Аксессуары;1;26557,65;0,00
19.02.2024;Урал;Тюмень;Волков С.;P005;Смартфон Lite;Смартфоны;2;18309,08;0,10
03.07.2024;Приволжье;Казань;Новикова А.;P001;Ноутбук Air 13;Ноутбуки;1;90708,38;0,00
25.08.2024;Центр;Воронеж;Смирнова А.;P016;Электронная книга;Гаджеты;2;13230,13;0,00
21.09.2024;Центр;Ярославль;Кузнецов С.;P015;Умные часы Fit;Гаджеты;1;17625,10;0,05
04.03.2024;Приволжье;Нижний Новгород;Новикова А.;P008;Наушники Studio;Аксессуары;2;26098,59;0,00
05.12.2024;Юг;Ростов-на-Дону;Соколова А.;P009;Чехол кожаный;Аксессуары;3;2125,74;0,00
19.03.2025;Сибирь;Новосибирск;Лебедев С.;P016;Электронная книга;Гаджеты;1;13359,03;0,15
19.12.2024;Северо-Запад;Санкт-Петербург;Попова А.;P010;Зарядка 65 Вт;Аксессуары;11;3841,84;0,05
09.05.2025;Юг;Волгоград;Михайлов С.;P005;Смартфон Lite;Смартфоны;2;21646,62;0,00
22.06.2024;Центр;Тула;Кузнецов С.;P001;Ноутбук Air 13;Ноутбуки;4;92482,80;0,00
23.02.2024;Юг;Волгоград;Соколова А.;P001;Ноутбук Air 13;Ноутбуки;5;91063,14;0,10
24.12.2024;Северо-Запад;Калининград;Попова А.;P016;Электронная книга;Гаджеты;2;13279,09;0,00
21.06.2024;Юг;Волгоград;Михайлов С.;P007;Наушники Buds;Аксессуары;6;8358,58;0,05
02.04.2025;Центр;Воронеж;Смирнова А.;P010;Зарядка 65 Вт;Аксессуары;3;3951,89;0,00
16.10.2024;Северо-Запад;Мурманск;Попова А.;P005;Смартфон Lite;Смартфоны;5;19278,17;0,00
19.05.2024;Северо-Запад;Санкт-Петербург;Попова А.;P010;Зарядка 65 Вт;Аксессуары;2;3548,97;0,15
15.01.2025;Центр;Воронеж;Кузнецов С.;P015;Умные часы Fit;Гаджеты;3;16859,88;0,00
20.03.2025;Центр;Тула;Смирнова А.;P007;Наушники Buds;Аксессуары;1;9113,63;0,00
25.11.2024;Северо-Запад;Санкт-Петербург;Попова А.;P010;Зарядка 65 Вт;Аксессуары;1;3778,31;0,00
04.02.2024;Сибирь;Новосибирск;Алексеева А.;P001;Ноутбук Air 13;Ноутбуки;2;90773,08;0,00
20.11.2024;Центр;Ярославль;Смирнова А.;P008;Наушники Studio;Аксессуары;2;27138,19;0,00
01.01.2025;Центр;Тула;Кузнецов С.;P013;Планшет Tab 11;Планшеты;2;45272,36;0,00
19.05.2024;Северо-Запад;Санкт-Петербург;Васильев С.;P005;Смартфон Lite;Смартфоны;2;19131,64;0,00
03.02.2025;Приволжье;Уфа;Фёдоров С.;P009;Чехол кожаный;Аксессуары;7;2241,07;0,10
30.07.2024;Приволжье;Нижний Новгород;Новикова А.;P012;"Монитор 24"" FHD";Мониторы;2;16306,79;0,00
09.11.2024;Урал;Екатеринбург;Волков С.;P013;Планшет Tab 11;Планшеты;1;42421,35;0,00
01.04.2025;Центр;Воронеж;Кузнецов С.;P010;Зарядка 65 Вт;Аксессуары;6;3997,67;0,00
10.08.2024;Северо-Запад;Калининград;Васильев С.;P012;"Монитор 24"" FHD";Мониторы;1;16296,77;0,00
24.02.2024;Центр;Тула;Кузнецов С.;P015;Умные часы Fit;Гаджеты;1;16197,34;0,00
06.03.2024;Центр;Воронеж;Кузнецов С.;P016;Электронная книга;Гаджеты;2;13238,03;0,00
30.07.2024;Дальний Восток;Хабаровск;Егоров С.;P007;Наушники Buds;Аксессуары;5;8744,77;0,00
04.03.2025;Центр;Воронеж;Смирнова А.;P015;Умные часы Fit;Гаджеты;1;16829,85;0,00
17.05.2025;Урал;Тюмень;Волков С.;P010;Зарядка 65 Вт;Аксессуары;3;3710,40;0,00
29.12.2024;Урал;Челябинск;Волков С.;P006;Смартфон Max;Смартфоны;1;123709,54;0,00
14.09.2024;Центр;Воронеж;Кузнецов С.;P010;Зарядка 65 Вт;Аксессуары;2;3600,65;0,00
13.05.2024;Приволжье;Нижний Новгород;Фёдоров С.;P011;"Монитор 27"" 4K";Мониторы;1;46120,97;0,15
14.04.2024;Дальний Восток;Владивосток;Егоров С.;P009;Чехол кожаный;Аксессуары;12;2116,31;0,00
30.03.2024;Дальний Восток;Владивосток;Семёнова А.;P009;Чехол кожаный;Аксессуары;3;2082,30;0,15
12.04.2025;Сибирь;Красноярск;Алексеева А.;P013;Планшет Tab 11;Планшеты;2;44289,10;0,00
30.06.2024;Сибирь;Новосибирск;Алексеева А.;P012;"Монитор 24"" FHD";Мониторы;1;16202,33;0,00
19.01.2025;Дальний Восток;Владивосток;Егоров С.;P012;"Монитор 24"" FHD";Мониторы;1;15565,30;0,00
08.04.2025;Северо-Запад;Санкт-Петербург;Васильев С.;P006;Смартфон Max;Смартфоны;4;118386,75;0,00
11.09.2024;Приволжье;Казань;Новикова А.;P010;Зарядка 65 Вт;Аксессуары;3;3644,24;0,10
29.12.2024;Центр;Москва;Кузнецов С.;P010;Зарядка 65 Вт;Аксессуары;3;3762,02;0,00
15.05.2025;Приволжье;Казань;Фёдоров С.;P009;Чехол кожаный;Аксессуары;2;2265,20;0,00
02.05.2025;Юг;Краснодар;Соколова А.;P011;"Монитор 27"" 4K";Мониторы;1;47263,30;0,00
29.05.2025;Сибирь;Новосибирск;Алексеева А.;P015;Умные часы Fit;Гаджеты;2;17215,81;0,00
11.02.2025;Центр;Москва;Смирнова А.;P002;Ноутбук Pro 16;Ноутбуки;1;197790,65;0,15
06.08.2024;Центр;Тула;Кузнецов С.;P011;"Монитор 27"" 4K";Мониторы;5;44931,29;0,00
03.05.2024;Приволжье;Уфа;Фёдоров С.;P015;Умные часы Fit;Гаджеты;6;16476,58;0,00
03.08.2024;Приволжье;Самара;Новикова А.;P009;Чехол кожаный;Аксессуары;4;2021,97;0,00
12.05.2025;Дальний Восток;Владивосток;Семёнова А.;P012;"Монитор 24"" FHD";Мониторы;3;17200,38;0,10
28.11.2024;Центр;Ярославль;Смирнова А.;P015;Умные часы Fit;Гаджеты;1;17915,53;0,00
08.11.2024;Приволжье;Уфа;Новикова А.;P010;Зарядка 65 Вт;Аксессуары;8;3591,78;0,00
01.09.2024;Приволжье;Казань;Фёдоров С.;P010;Зарядка 65 Вт;Аксессуары;3;3777,62;0,15
17.04.2025;Приволжье;Самара;Новикова А.;P015;Умные часы Fit;Гаджеты;1;18308,66;0,00
04.12.2024;Центр;Воронеж;Кузнецов С.;P009;Чехол кожаный;Аксессуары;4;2106,97;0,00
05.03.2025;Приволжье;Уфа;Новикова А.;P007;Наушники Buds;Аксессуары;2;8418,33;0,10
20.05.2024;Центр;Тула;Кузнецов С.;P012;"Монитор 24"" FHD";Мониторы;1;15430,02;0,00
29.07.2024;Центр;Воронеж;Смирнова А.;P007;Наушники Buds;Аксессуары;5;8086,11;0,10
14.06.2025;Юг;Краснодар;Михайлов С.;P001;Ноутбук Air 13;Ноутбуки;1;96022,63;0,00
21.04.2025;Приволжье;Уфа;Фёдоров С.;P009;Чехол кожаный;Аксессуары;4;2211,85;0,10
01.12.2024;Северо-Запад;Калининград;Попова А.;P015;Умные часы Fit;Гаджеты;1;16688,79;0,00
26.01.2024;Юг;Волгоград;Соколова А.;P009;Чехол кожаный;Аксессуары;1;2063,99;0,15
10.07.2024;Юг;Волгоград;Михайлов С.;P007;Наушники Buds;Аксессуары;21;8216,40;0,00
12.04.2025;Северо-Запад;Мурманск;Васильев С.;P015;Умные часы Fit;Гаджеты;1;16759,52;0,10
19.02.2024;Урал;Челябинск;Морозова А.;P004;Смартфон S23;Смартфоны;1;63714,84;0,15
20.11.2024;Центр;Воронеж;Смирнова А.;P010;Зарядка 65 Вт;Аксессуары;14;3827,11;0,00
15.04.2024;Дальний Восток;Владивосток;Егоров С.;P009;Чехол кожаный;Аксессуары;2;1949,56;0,00
22.01.2024;Приволжье;Самара;Фёдоров С.;P006;Смартфон Max;Смартфоны;1;113553,47;0,15
17.06.2025;Дальний Восток;Владивосток;Егоров С.;P007;Наушники Buds;Аксессуары;1;9063,48;0,00
28.05.2024;Северо-Запад;Санкт-Петербург;Васильев С.;P009;Чехол кожаный;Аксессуары;8;2102,54;0,05
26.05.2024;Центр;Ярославль;Кузнецов С.;P012;"Монитор 24"" FHD";Мониторы;1;15605,44;0,00
22.01.2024;Приволжье;Самара;Новикова А.;P013;Планшет Tab 11;Планшеты;2;40167,82;0,00
01.10.2024;Приволжье;Уфа;Новикова А.;P001;Ноутбук Air 13;Ноутбуки;4;98535,27;0,00
30.01.2024;Центр;Ярославль;Кузнецов С.;P013;Планшет Tab 11;Планшеты;2;41543,70;0,00
02.01.2025;Дальний Восток;Хабаровск;Егоров С.;P009;Чехол кожаный;Аксессуары;1;2097,56;0,00
11.04.2025;Центр;Москва;Смирнова А.;P016;Электронная книга;Гаджеты;2;13741,59;0,00
22.11.2024;Центр;Ярославль;Смирнова А.;P012;"Монитор 24"" FHD";Мониторы;4;15535,54;0,00
14.04.2024;Центр;Воронеж;Кузнецов С.;P010;Зарядка 65 Вт;Аксессуары;4;3664,36;0,00
20.05.2025;Сибирь;Красноярск;Лебедев С.;P012;"Монитор 24"" FHD";Мониторы;3;16117,43;0,00
01.08.2024;Северо-Запад;Калининград;Васильев С.;P011;"Монитор 27"" 4K";Мониторы;1;46189,95;0,00
03.12.2024;Центр;Тула;Смирнова А.;P010;Зарядка 65 Вт;Аксессуары;4;3574,24;0,00
17.03.2025;Северо-Запад;Калининград;Попова А.;P008;Наушники Studio;Аксессуары;2;28718,49;0,05
11.02.2025;Юг;Ростов-на-Дону;Соколова А.;P011;"Монитор 27"" 4K";Мониторы;1;48489,08;0,10
18.03.2025;Центр;Тула;Смирнова А.;P011;"Монитор 27"" 4K";Мониторы;3;45948,11;0,00
02.01.2024;Северо-Запад;Санкт-Петербург;Попова А.;P015;Умные часы Fit;Гаджеты;1;16561,95;0,00
02.01.2024;Центр;Москва;Кузнецов С.;P005;Смартфон Lite;Смартфоны;3;18989,43;0,10
29.05.2025;Сибирь;Омск;Алексеева А.;P016;Электронная книга;Гаджеты;4;13937,93;0,00
09.01.2024;Урал;Тюмень;Морозова А.;P010;Зарядка 65 Вт;Аксессуары;7;3598,88;0,15
12.12.2024;Юг;Ростов-на-Дону;Соколова А.;P014;Планшет Mini;Планшеты;1;29299,53;0,00
31.12.2024;Сибирь;Омск;Алексеева А.;P009;Чехол кожаный;Аксессуары;1;2208,47;0,10
29.01.2025;Урал;Челябинск;Морозова А.;P003;Ультрабук Slim;Ноутбуки;2;132857,59;0,00
12.05.2025;Юг;Ростов-на-Дону;Соколова А.;P009;Чехол кожаный;Аксессуары;3;2180,33;0,00
06.04.2024;Центр;Ярославль;Смирнова А.;P010;Зарядка 65 Вт;Аксессуары;1;3649,81;0,00
11.11.2024;Центр;Москва;Кузнецов С.;P003;Ультрабук Slim;Ноутбуки;2;131592,82;0,00
18.06.2025;Дальний Восток;Владивосток;Егоров С.;P010;Зарядка 65 Вт;Аксессуары;5;3928,16;0,00
01.07.2024;Центр;Ярославль;Кузнецов С.;P005;Смартфон Lite;Смартфоны;1;19234,85;0,00
13.06.2024;Приволжье;Казань;Фёдоров С.;P013;Планшет Tab 11;Планшеты;1;39488,20;0,00
25.02.2024;Центр;Воронеж;Кузнецов С.;P009;Чехол кожаный;Аксессуары;8;2088,76;0,00
02.02.2025;Центр;Тула;Смирнова А.;P009;Чехол кожаный;Аксессуары;3;2080,27;0,00
24.10.2024;Дальний Восток;Хабаровск;Семёнова А.;P007;Наушники Buds;Аксессуары;1;8349,73;0,00
20.01.2024;Приволжье;Самара;Новикова А.;P009;Чехол кожаный;Аксессуары;7;1935,40;0,00
24.05.2025;Северо-Запад;Мурманск;Попова А.;P002;Ноутбук Pro 16;Ноутбуки;3;205199,22;0,00
17.05.2024;Юг;Волгоград;Соколова А.;P011;"Монитор 27"" 4K";Мониторы;3;42114,19;0,00
11.10.2024;Урал;Челябинск;Волков С.;P007;Наушники Buds;Аксессуары;4;8395,08;0,15
25.04.2024;Приволжье;Уфа;Новикова А.;P009;Чехол кожаный;Аксессуары;17;2122,77;0,00
19.11.2024;Юг;Волгоград;Михайлов С.;P011;"Монитор 27"" 4K";Мониторы;1;47186,62;0,00
10.07.2024;Центр;Воронеж;Смирнова А.;P007;Наушники Buds;Аксессуары;7;8125,08;0,00
04.01.2025;Сибирь;Красноярск;Алексеева А.;P009;Чехол кожаный;Аксессуары;4;2120,25;0,15
19.12.2024;Урал;Екатеринбург;Волков С.;P007;Наушники Buds;Аксессуары;7;8698,88;0,05
12.02.2024;Центр;Москва;Смирнова А.;P014;Планшет Mini;Планшеты;1;28642,14;0,00
21.05.2025;Северо-Запад;Мурманск;Васильев С.;P010;Зарядка 65 Вт;Аксессуары;3;3871,97;0,10
07.11.2024;Северо-Запад;Калининград;Васильев С.;P001;Ноутбук Air 13;Ноутбуки;1;99503,50;0,00
11.01.2024;Приволжье;Самара;Фёдоров С.;P005;Смартфон Lite;Смартфоны;1;18107,26;0,05
23.01.2025;Центр;Воронеж;Смирнова А.;P002;Ноутбук Pro 16;Ноутбуки;1;206633,01;0,10
26.06.2025;Центр;Ярославль;Смирнова А.;P009;Чехол кожаный;Аксессуары;4;2181,90;0,00
30.04.2024;Центр;Воронеж;Кузнецов С.;P004;Смартфон S23;Смартфоны;1;64882,25;0,00
02.04.2025;Приволжье;Уфа;Новикова А.;P012;"Монитор 24"" FHD";Мониторы;5;16915,81;0,00
18.07.2024;Приволжье;Казань;Фёдоров С.;P007;Наушники Buds;Аксессуары;4;8081,01;0,00
25.09.2024;Северо-Запад;Санкт-Петербург;Васильев С.;P016;Электронная книга;Гаджеты;4;12855,78;0,10
16.11.2024;Центр;Ярославль;Смирнова А.;P010;Зарядка 65 Вт;Аксессуары;5;3905,92;0,15
18.04.2024;Юг;Волгоград;Михайлов С.;P015;Умные часы Fit;Гаджеты;1;16452,08;0,00
17.02.2025;Приволжье;Нижний Новгород;Фёдоров С.;P009;Чехол кожаный;Аксессуары;5;2277,01;0,00
11.02.2024;Приволжье;Уфа;Фёдоров С.;P009;Чехол кожаный;Аксессуары;12;2005,88;0,00
25.02.2025;Центр;Ярославль;Кузнецов С.;P010;Зарядка 65 Вт;Аксессуары;6;3651,49;0,00
10.09.2024;Северо-Запад;Калининград;Васильев С.;P014;Планшет Mini;Планшеты;3;29388,79;0,15
25.03.2024;Центр;Воронеж;Смирнова А.;P004;Смартфон S23;Смартфоны;1;66257,44;0,00
29.09.2024;Юг;Волгоград;Соколова А.;P010;Зарядка 65 Вт;Аксессуары;2;3608,81;0,05
07.05.2025;Приволжье;Казань;Фёдоров С.;P007;Наушники Buds;Аксессуары;18;8945,08;0,00
11.02.2024;Дальний Восток;Владивосток;Семёнова А.;P004;Смартфон S23;Смартфоны;1;64166,56;0,00
13.01.2025;Северо-Запад;Мурманск;Васильев С.;P012;"Монитор 24"" FHD";Мониторы;2;16937,84;0,05
02.02.2024;Центр;Москва;Смирнова А.;P014;Планшет Mini;Планшеты;5;26999,85;0,00
13.02.2025;Сибирь;Омск;Лебедев С.;P009;Чехол кожаный;Аксессуары;9;2093,50;0,00
11.09.2024;Центр;Москва;Смирнова А.;P009;Чехол кожаный;Аксессуары;3;2051,34;0,00
10.07.2024;Сибирь;Новосибирск;Алексеева А.;P004;Смартфон S23;Смартфоны;1;65754,50;0,00
27.01.2024;Юг;Ростов-на-Дону;Михайлов С.;P009;Чехол кожаный;Аксессуары;1;1946,90;0,05
04.01.2025;Северо-Запад;Калининград;Васильев С.;P015;Умные часы Fit;Гаджеты;1;17242,66;0,00
12.01.2024;Центр;Воронеж;Кузнецов С.;P004;Смартфон S23;Смартфоны;2;66200,05;0,00
02.11.2024;Центр;Ярославль;Кузнецов С.;P010;Зарядка 65 Вт;Аксессуары;4;3694,69;0,00
10.06.2025;Урал;Тюмень;Волков С.;P009;Чехол кожаный;Аксессуары;3;2176,51;0,00
24.04.2024;Сибирь;Омск;Алексеева А.;P016;Электронная книга;Гаджеты;1;12766,76;0,00
27.10.2024;Урал;Екатеринбург;Морозова А.;P010;Зарядка 65 Вт;Аксессуары;1;3893,77;0,00
29.10.2024;Приволжье;Уфа;Новикова А.;P008;Наушники Studio;Аксессуары;1;27047,73;0,15
08.12.2024;Юг;Ростов-на-Дону;Соколова А.;P014;Планшет Mini;Планшеты;1;30141,02;0,00
12.05.2025;Северо-Запад;Санкт-Петербург;Васильев С.;P010;Зарядка 65 Вт;Аксессуары;1;3867,20;0,00
29.06.2024;Северо-Запад;Мурманск;Васильев С.;P009;Чехол кожаный;Аксессуары;1;2145,31;0,00
18.04.2025;Центр;Воронеж;Кузнецов С.;P007;Наушники Buds;Аксессуары;3;8468,36;0,15
05.03.2024;Центр;Тула;Смирнова А.;P005;Смартфон Lite;Смартфоны;3;19436,53;0,00
17.02.2024;Приволжье;Самара;Фёдоров С.;P007;Наушники Buds;Аксессуары;12;8233,03;0,00
19.09.2024;Дальний Восток;Хабаровск;Егоров С.;P010;Зарядка 65 Вт;Аксессуары;4;3669,25;0,00
07.05.2024;Приволжье;Самара;Фёдоров С.;P015;Умные часы Fit;Гаджеты;3;16326,29;0,00
30.05.2025;Дальний Восток;Владивосток;Егоров С.;P001;Ноутбук Air 13;Ноутбуки;1;97391,91;0,00
21.04.2024;Дальний Восток;Владивосток;Егоров С.;P007;Наушники Buds;Аксессуары;1;8289,73;0,15
22.05.2024;Приволжье;Самара;Новикова А.;P009;Чехол кожаный;Аксессуары;1;2063,06;0,00
23.02.2025;Центр;Тула;Смирнова А.;P002;Ноутбук Pro 16;Ноутбуки;2;198820,04;0,05
04.04.2025;Центр;Тула;Кузнецов С.;P009;Чехол кожаный;Аксессуары;2;2244,28;0,10
05.12.2024;Центр;Ярославль;Смирнова А.;P006;Смартфон Max;Смартфоны;10;118451,22;0,00
06.12.2024;Центр;Ярославль;Кузнецов С.;P010;Зарядка 65 Вт;Аксессуары;8;3916,15;0,00
12.05.2024;Центр;Воронеж;Кузнецов С.;P006;Смартфон Max;Смартфоны;1;118099,31;0,00
07.01.2024;Центр;Тула;Кузнецов С.;P001;Ноутбук Air 13;Ноутбуки;4;89788,50;0,00
12.06.2024;Приволжье;Самара;Новикова А.;P016;Электронная книга;Гаджеты;1;13570,39;0,00
08.10.2024;Северо-Запад;Санкт-Петербург;Попова А.;P007;Наушники Buds;Аксессуары;2;8301,66;0,00
29.09.2024;Центр;Москва;Смирнова А.;P001;Ноутбук Air 13;Ноутбуки;1;95117,35;0,00
09.07.2024;Юг;Краснодар;Михайлов С.;P010;Зарядка 65 Вт;Аксессуары;7;3666,15;0,00
20.10.2024;Центр;Воронеж;Кузнецов С.;P009;Чехол кожаный;Аксессуары;5;2203,55;0,00
24.01.2024;Центр;Москва;Кузнецов С.;P008;Наушники Studio;Аксессуары;2;24183,61;0,00
21.05.2025;Дальний Восток;Владивосток;Егоров С.;P013;Планшет Tab 11;Планшеты;1;45561,71;0,00
24.05.2024;Центр;Ярославль;Смирнова А.;P015;Умные часы Fit;Гаджеты;1;17102,14;0,00
07.04.2025;Центр;Ярославль;Смирнова А.;P010;Зарядка 65 Вт;Аксессуары;3;3670,71;0,00
25.03.2024;Центр;Москва;Кузнецов С.;P009;Чехол кожаный;Аксессуары;6;1928,35;0,00
19.07.2024;Приволжье;Нижний Новгород;Фёдоров С.;P010;Зарядка 65 Вт;Аксессуары;4;3808,74;0,00
16.08.2024;Урал;Челябинск;Морозова А.;P012;"Монитор 24"" FHD";Мониторы;1;15065,88;0,10
19.07.2024;Сибирь;Омск;Лебедев С.;P003;Ультрабук Slim;Ноутбуки;1;124661,24;0,00
11.08.2024;Урал;Челябинск;Морозова А.;P001;Ноутбук Air 13;Ноутбуки;1;94701,62;0,05
08.03.2024;Центр;Ярославль;Смирнова А.;P006;Смартфон Max;Смартфоны;1;109954,70;0,00
27.12.2024;Приволжье;Уфа;Фёдоров С.;P004;Смартфон S23;Смартфоны;3;67446,09;0,10
10.01.2024;Урал;Екатеринбург;Волков С.;P008;Наушники Studio;Аксессуары;1;25252,44;0,00
21.03.2024;Урал;Челябинск;Морозова А.;P009;Чехол кожаный;Аксессуары;3;1926,88;0,00
16.11.2024;Центр;Ярославль;Смирнова А.;P005;Смартфон Lite;Смартфоны;1;20689,91;0,00
12.06.2024;Северо-Запад;Калининград;Васильев С.;P001;Ноутбук Air 13;Ноутбуки;1;89130,71;0,00
01.04.2025;Приволжье;Казань;Фёдоров С.;P006;Смартфон Max;Смартфоны;1;124685,55;0,00
08.08.2024;Юг;Ростов-на-Дону;Соколова А.;P016;Электронная книга;Гаджеты;1;12782,05;0,15
08.01.2024;Юг;Краснодар;Соколова А.;P005;Смартфон Lite;Смартфоны;1;19625,74;0,10
01.01.2025;Сибирь;Омск;Алексеева А.;P010;Зарядка 65 Вт;Аксессуары;7;3869,80;0,00
11.09.2024;Приволжье;Нижний Новгород;Новикова А.;P012;"Монитор 24"" FHD";Мониторы;1;15804,47;0,10
02.11.2024;Центр;Тула;Кузнецов С.;P005;Смартфон Lite;Смартфоны;1;19771,17;0,00
02.01.2024;Урал;Челябинск;Морозова А.;P011;"Монитор 27"" 4K";Мониторы;2;43444,81;0,00
17.02.2025;Юг;Волгоград;Михайлов С.;P009;Чехол кожаный;Аксессуары;11;2107,12;0,00
09.02.2024;Приволжье;Самара;Новикова А.;P010;Зарядка 65 Вт;Аксессуары;2;3377,87;0,00
11.01.2024;Юг;Краснодар;Михайлов С.;P015;Умные часы Fit;Гаджеты;3;16124,59;0,00
22.01.2025;Северо-Запад;Калининград;Васильев С.;P005;Смартфон Lite;Смартфоны;2;21189,06;0,10
24.02.2025;Дальний Восток;Хабаровск;Егоров С.;P009;Чехол кожаный;Аксессуары;2;2201,14;0,00
31.12.2024;Юг;Краснодар;Михайлов С.;P001;Ноутбук Air 13;Ноутбуки;1;99516,87;0,00
27.12.2024;Центр;Москва;Кузнецов С.;P016;Электронная книга;Гаджеты;2;14142,54;0,00
13.02.2024;Центр;Ярославль;Смирнова А.;P007;Наушники Buds;Аксессуары;3;7993,45;0,00
28.06.2024;Урал;Тюмень;Морозова А.;P007;Наушники Buds;Аксессуары;2;8342,05;0,05
02.01.2025;Центр;Москва;Смирнова А.;P007;Наушники Buds;Аксессуары;5;8552,90;0,00
24.04.2024;Юг;Краснодар;Михайлов С.;P009;Чехол кожаный;Аксессуары;3;1954,73;0,15
16.10.2024;Северо-Запад;Калининград;Попова А.;P012;"Монитор 24"" FHD";Мониторы;1;15402,46;0,00
15.05.2024;Центр;Москва;Смирнова А.;P009;Чехол кожаный;Аксессуары;2;2085,72;0,00
12.04.2025;Центр;Тула;Кузнецов С.;P013;Планшет Tab 11;Планшеты;3;43277,59;0,00
20.07.2024;Центр;Ярославль;Кузнецов С.;P008;Наушники Studio;Аксессуары;6;25859,71;0,00
24.05.2024;Центр;Ярославль;Смирнова А.;P015;Умные часы Fit;Гаджеты;2;17238,04;0,05
04.02.2025;Дальний Восток;Хабаровск;Семёнова А.;P009;Чехол кожаный;Аксессуары;5;2094,51;0,00
31.01.2025;Юг;Ростов-на-Дону;Михайлов С.;P007;Наушники Buds;Аксессуары;1;8833,65;0,15
19.06.2025;Приволжье;Нижний Новгород;Новикова А.;P005;Смартфон Lite;Смартфоны;1;21728,90;0,00
23.04.2024;Центр;Тула;Кузнецов С.;P002;Ноутбук Pro 16;Ноутбуки;1;186546,40;0,00
01.03.2025;Центр;Ярославль;Кузнецов С.;P008;Наушники Studio;Аксессуары;4;26901,59;0,00
29.04.2024;Юг;Краснодар;Соколова А.;P005;Смартфон Lite;Смартфоны;1;18929,64;0,15
03.01.2024;Приволжье;Казань;Фёдоров С.;P014;Планшет Mini;Планшеты;2;28540,85;0,00
05.02.2025;Центр;Воронеж;Кузнецов С.;P006;Смартфон Max;Смартфоны;2;117371,21;0,00
23.02.2024;Северо-Запад;Санкт-Петербург;Васильев С.;P009;Чехол кожаный;Аксессуары;4;1922,64;0,00
30.07.2024;Дальний Восток;Хабаровск;Егоров С.;P009;Чехол кожаный;Аксессуары;2;2007,28;0,00
05.07.2024;Приволжье;Нижний Новгород;Фёдоров С.;P004;Смартфон S23;Смартфоны;2;70610,12;0,00
13.04.2024;Сибирь;Красноярск;Лебедев С.;P014;Планшет Mini;Планшеты;1;27326,74;0,00
22.03.2024;Северо-Запад;Санкт-Петербург;Васильев С.;P005;Смартфон Lite;Смартфоны;1;19509,95;0,00
08.12.2024;Сибирь;Красноярск;Лебедев С.;P002;Ноутбук Pro 16;Ноутбуки;4;195512,21;0,00
19.02.2024;Юг;Краснодар;Михайлов С.;P010;Зарядка 65 Вт;Аксессуары;7;3610,19;0,00
20.09.2024;Приволжье;Самара;Новикова А.;P001;Ноутбук Air 13;Ноутбуки;1;95070,88;0,15
28.12.2024;Приволжье;Нижний Новгород;Новикова А.;P009;Чехол кожаный;Аксессуары;7;2252,15;0,10
06.05.2025;Центр;Тула;Смирнова А.;P009;Чехол кожаный;Аксессуары;2;2231,40;0,10
24.06.2024;Урал;Челябинск;Морозова А.;P009;Чехол кожаный;Аксессуары;6;2095,75;0,10
15.02.2025;Центр;Тула;Смирнова А.;P009;Чехол кожаный;Аксессуары;1;2266,65;0,00
14.04.2024;Центр;Москва;Кузнецов С.;P012;"Монитор 24"" FHD";Мониторы;1;15367,24;0,15
19.11.2024;Центр;Тула;Смирнова А.;P008;Наушники Studio;Аксессуары;3;27696,10;0,00
01.04.2024;Юг;Краснодар;Соколова А.;P008;Наушники Studio;Аксессуары;1;25806,78;0,00
31.05.2024;Центр;Ярославль;Смирнова А.;P010;Зарядка 65 Вт;Аксессуары;5;3469,40;0,05
12.03.2024;Центр;Москва;Смирнова А.;P010;Зарядка 65 Вт;Аксессуары;3;3712,34;0,10
11.03.2024;Юг;Волгоград;Соколова А.;P009;Чехол кожаный;Аксессуары;3;2037,55;0,00
30.05.2024;Приволжье;Самара;Фёдоров С.;P015;Умные часы Fit;Гаджеты;1;16554,87;0,10
10.03.2024;Приволжье;Уфа;Новикова А.;P015;Умные часы Fit;Гаджеты;1;15894,60;0,05
16.09.2024;Урал;Тюмень;Волков С.;P003;Ультрабук Slim;Ноутбуки;1;123692,28;0,00
05.04.2024;Центр;Воронеж;Кузнецов С.;P012;"Монитор 24"" FHD";Мониторы;1;15419,94;0,10
03.09.2024;Юг;Ростов-на-Дону;Соколова А.;P008;Наушники Studio;Аксессуары;1;26990,01;0,05
10.06.2024;Центр;Москва;Смирнова А.;P009;Чехол кожаный;Аксессуары;3;2001,93;0,00
18.05.2025;Приволжье;Уфа;Фёдоров С.;P010;Зарядка 65 Вт;Аксессуары;1;3949,54;0,15
11.08.2024;Приволжье;Самара;Новикова А.;P007;Наушники Buds;Аксессуары;2;8095,84;0,00
01.11.2024;Приволжье;Нижний Новгород;Фёдоров С.;P006;Смартфон Max;Смартфоны;1;123083,36;0,00
26.02.2025;Центр;Ярославль;Кузнецов С.;P016;Электронная книга;Гаджеты;2;13131,77;0,00
31.08.2024;Юг;Волгоград;Соколова А.;P011;"Монитор 27"" 4K";Мониторы;3;45367,97;0,00
28.04.2024;Северо-Запад;Санкт-Петербург;Попова А.;P011;"Монитор 27"" 4K";Мониторы;4;42199,23;0,00
29.01.2024;Урал;Тюмень;Волков С.;P006;Смартфон Max;Смартфоны;1;113500,54;0,00
12.03.2025;Северо-Запад;Мурманск;Васильев С.;P012;"Монитор 24"" FHD";Мониторы;1;17071,71;0,00
31.10.2024;Урал;Тюмень;Волков С.;P009;Чехол кожаный;Аксессуары;8;2179,11;0,00
07.04.2024;Приволжье;Самара;Фёдоров С.;P008;Наушники Studio;Аксессуары;4;25938,29;0,00
16.02.2024;Центр;Воронеж;Смирнова А.;P011;"Монитор 27"" 4K";Мониторы;1;43555,28;0,15
15.09.2024;Юг;Ростов-на-Дону;Соколова А.;P010;Зарядка 65 Вт;Аксессуары;5;3799,66;0,00
01.06.2024;Юг;Волгоград;Соколова А.;P009;Чехол кожаный;Аксессуары;3;1995,97;0,05
15.11.2024;Юг;Волгоград;Соколова А.;P003;Ультрабук Slim;Ноутбуки;4;131094,34;0,00
02.04.2025;Приволжье;Уфа;Фёдоров С.;P005;Смартфон Lite;Смартфоны;1;20420,57;0,00
18.05.2025;Центр;Тула;Смирнова А.;P012;"Монитор 24"" FHD";Мониторы;2;17390,70;0,00
26.02.2024;Центр;Тула;Кузнецов С.;P014;Планшет Mini;Планшеты;2;28537,85;0,00
26.03.2024;Северо-Запад;Мурманск;Попова А.;P008;Наушники Studio;Аксессуары;2;25209,48;0,00
30.11.2024;Центр;Ярославль;Смирнова А.;P016;Электронная книга;Гаджеты;3;12953,59;0,00
29.11.2024;Центр;Тула;Смирнова А.;P015;Умные часы Fit;Гаджеты;2;17180,19;0,10
16.04.2025;Дальний Восток;Владивосток;Семёнова А.;P016;Электронная книга;Гаджеты;1;13261,00;0,10
11.11.2024;Приволжье;Казань;Новикова А.;P010;Зарядка 65 Вт;Аксессуары;1;3771,15;0,00
30.03.2025;Приволжье;Уфа;Фёдоров С.;P015;Умные часы Fit;Гаджеты;1;18206,65;0,05
31.01.2025;Центр;Москва;Смирнова А.;P010;Зарядка 65 Вт;Аксессуары;12;3897,24;0,00
18.08.2024;Приволжье;Казань;Новикова А.;P011;"Монитор 27"" 4K";Мониторы;3;45778,37;0,00
27.09.2024;Центр;Воронеж;Кузнецов С.;P009;Чехол кожаный;Аксессуары;3;2051,98;0,00
12.04.2024;Приволжье;Уфа;Новикова А.;P010;Зарядка 65 Вт;Аксессуары;13;3645,09;0,10
21.02.2025;Северо-Запад;Мурманск;Васильев С.;P016;Электронная книга;Гаджеты;7;13934,58;0,00
09.04.2025;Центр;Тула;Смирнова А.;P009;Чехол кожаный;Аксессуары;1;2266,12;0,05
14.08.2024;Дальний Восток;Владивосток;Семёнова А.;P014;Планшет Mini;Планшеты;1;27982,29;0,05
14.04.2025;Центр;Воронеж;Кузнецов С.;P009;Чехол кожаный;Аксессуары;1;2119,82;0,00
16.05.2025;Северо-Запад;Мурманск;Васильев С.;P009;Чехол кожаный;Аксессуары;2;2270,24;0,10
20.06.2024;Приволжье;Самара;Фёдоров С.;P010;Зарядка 65 Вт;Аксессуары;16;3441,37;0,00
20.10.2024;Приволжье;Уфа;Новикова А.;P016;Электронная книга;Гаджеты;1;13740,89;0,00
06.01.2025;Центр;Воронеж;Смирнова А.;P004;Смартфон S23;Смартфоны;2;69992,78;0,15
08.05.2024;Северо-Запад;Калининград;Попова А.;P015;Умные часы Fit;Гаджеты;2;16561,10;0,00
05.07.2024;Сибирь;Новосибирск;Лебедев С.;P010;Зарядка 65 Вт;Аксессуары;2;3501,80;0,00
17.03.2024;Сибирь;Новосибирск;Алексеева А.;P010;Зарядка 65 Вт;Аксессуары;17;3450,37;0,00
04.05.2024;Урал;Екатеринбург;Морозова А.;P007;Наушники Buds;Аксессуары;3;8284,43;0,10
15.06.2025;Северо-Запад;Калининград;Васильев С.;P010;Зарядка 65 Вт;Аксессуары;5;3721,45;0,05
19.11.2024;Центр;Воронеж;Смирнова А.;P003;Ультрабук Slim;Ноутбуки;3;127964,23;0,00
25.05.2025;Урал;Екатеринбург;Волков С.;P003;Ультрабук Slim;Ноутбуки;1;129157,08;0,00
10.04.2025;Центр;Воронеж;Смирнова А.;P012;"Монитор 24"" FHD";Мониторы;4;16214,79;0,00
13.04.2024;Приволжье;Уфа;Фёдоров С.;P016;Электронная книга;Гаджеты;2;12510,91;0,05
10.08.2024;Северо-Запад;Мурманск;Попова А.;P007;Наушники Buds;Аксессуары;7;8221,10;0,00
10.02.2025;Юг;Волгоград;Соколова А.;P012;"Монитор 24"" FHD";Мониторы;4;15668,75;0,00
11.03.2024;Приволжье;Самара;Фёдоров С.;P015;Умные часы Fit;Гаджеты;2;16506,42;0,00
20.11.2024;Урал;Челябинск;Волков С.;P015;Умные часы Fit;Гаджеты;1;16869,64;0,00
02.06.2025;Приволжье;Самара;Фёдоров С.;P007;Наушники Buds;Аксессуары;1;9028,34;0,05
04.01.2025;Дальний Восток;Владивосток;Егоров С.;P014;Планшет Mini;Планшеты;1;30997,39;0,00
04.04.2024;Урал;Тюмень;Волков С.;P012;"Монитор 24"" FHD";Мониторы;1;15918,91;0,00
04.06.2025;Урал;Челябинск;Морозова А.;P009;Чехол кожаный;Аксессуары;7;2164,52;0,05
02.04.2024;Дальний Восток;Владивосток;Семёнова А.;P005;Смартфон Lite;Смартфоны;1;18517,93;0,05
16.04.2024;Юг;Ростов-на-Дону;Соколова А.;P012;"Монитор 24"" FHD";Мониторы;1;15570,29;0,15
04.12.2024;Северо-Запад;Мурманск;Попова А.;P010;Зарядка 65 Вт;Аксессуары;6;3611,57;0,00
25.06.2024;Центр;Ярославль;Кузнецов С.;P014;Планшет Mini;Планшеты;2;28514,29;0,15
14.09.2024;Юг;Краснодар;Соколова А.;P014;Планшет Mini;Планшеты;3;29376,19;0,00
24.06.2025;Северо-Запад;Калининград;Попова А.;P002;Ноутбук Pro 16;Ноутбуки;1;211745,91;0,05
18.12.2024;Приволжье;Самара;Фёдоров С.;P009;Чехол кожаный;Аксессуары;3;2058,83;0,00
21.01.2025;Урал;Челябинск;Морозова А.;P009;Чехол кожаный;Аксессуары;7;2248,26;0,05
05.05.2025;Центр;Воронеж;Кузнецов С.;P013;Планшет Tab 11;Планшеты;2;43535,88;0,00
27.10.2024;Северо-Запад;Калининград;Васильев С.;P007;Наушники Buds;Аксессуары;2;8226,70;0,00
11.02.2025;Центр;Воронеж;Кузнецов С.;P012;"Монитор 24"" FHD";Мониторы;1;17126,15;0,00
14.04.2024;Центр;Москва;Смирнова А.;P015;Умные часы Fit;Гаджеты;2;16515,01;0,00
22.04.2024;Дальний Восток;Владивосток;Егоров С.;P012;"Монитор 24"" FHD";Мониторы;1;15903,02;0,05
03.02.2024;Сибирь;Новосибирск;Алексеева А.;P001;Ноутбук Air 13;Ноутбуки;1;90669,53;0,15
24.11.2024;Приволжье;Казань;Фёдоров С.;P007;Наушники Buds;Аксессуары;9;8281,36;0,10
29.12.2024;Приволжье;Казань;Фёдоров С.;P015;Умные часы Fit;Гаджеты;3;16490,01;0,00
03.06.2024;Центр;Воронеж;Кузнецов С.;P008;Наушники Studio;Аксессуары;1;26215,71;0,00
20.01.2025;Центр;Ярославль;Смирнова А.;P006;Смартфон Max;Смартфоны;2;119687,26;0,00
02.06.2025;Центр;Ярославль;Смирнова А.;P010;Зарядка 65 Вт;Аксессуары;6;3776,76;0,00
04.02.2025;Сибирь;Новосибирск;Алексеева А.;P016;Электронная книга;Гаджеты;1;12914,16;0,00
15.08.2024;Северо-Запад;Санкт-Петербург;Попова А.;P010;Зарядка 65 Вт;Аксессуары;1;3579,12;0,00
04.12.2024;Центр;Воронеж;Кузнецов С.;P008;Наушники Studio;Аксессуары;1;26379,79;0,00
15.02.2024;Северо-Запад;Санкт-Петербург;Васильев С.;P015;Умные часы Fit;Гаджеты;2;15412,37;0,00
05.06.2025;Центр;Москва;Смирнова А.;P002;Ноутбук Pro 16;Ноутбуки;1;205944,94;0,00
20.02.2024;Северо-Запад;Калининград;Васильев С.;P010;Зарядка 65 Вт;Аксессуары;1;3409,59;0,00
27.02.2025;Северо-Запад;Мурманск;Попова А.;P005;Смартфон Lite;Смартфоны;1;19886,27;0,00
17.11.2024;Центр;Тула;Смирнова А.;P004;Смартфон S23;Смартфоны;1;69588,67;0,00
16.07.2024;Юг;Краснодар;Соколова А.;P005;Смартфон Lite;Смартфоны;3;19722,42;0,00
28.01.2025;Дальний Восток;Хабаровск;Егоров С.;P009;Чехол кожаный;Аксессуары;4;2141,90;0,00
20.06.2024;Центр;Москва;Смирнова А.;P002;Ноутбук Pro 16;Ноутбуки;2;190482,53;0,00
21.02.2024;Центр;Ярославль;Кузнецов С.;P016;Электронная книга;Гаджеты;1;12682,55;0,00
09.06.2025;Сибирь;Красноярск;Лебедев С.;P014;Планшет Mini;Планшеты;2;31711,79;0,00
28.05.2025;Северо-Запад;Калининград;Попова А.;P012;"Монитор 24"" FHD";Мониторы;1;16315,28;0,15
18.08.2024;Центр;Ярославль;Смирнова А.;P001;Ноутбук Air 13;Ноутбуки;2;96179,21;0,15
23.07.2024;Урал;Екатеринбург;Волков С.;P009;Чехол кожаный;Аксессуары;5;2062,36;0,00
05.05.2025;Юг;Ростов-на-Дону;Соколова А.;P003;Ультрабук Slim;Ноутбуки;2;133925,36;0,10
14.01.2025;Центр;Москва;Кузнецов С.;P015;Умные часы Fit;Гаджеты;1;17842,97;0,00
23.10.2024;Сибирь;Омск;Лебедев С.;P016;Электронная книга;Гаджеты;1;13603,68;0,00
13.06.2025;Центр;Ярославль;Кузнецов С.;P008;Наушники Studio;Аксессуары;5;29158,16;0,00
21.06.2025;Центр;Ярославль;Кузнецов С.;P009;Чехол кожаный;Аксессуары;2;2228,88;0,15
18.09.2024;Сибирь;Красноярск;Лебедев С.;P003;Ультрабук Slim;Ноутбуки;2;129817,81;0,10
10.04.2025;Урал;Тюмень;Волков С.;P016;Электронная книга;Гаджеты;1;13670,11;0,00
17.02.2024;Центр;Воронеж;Смирнова А.;P007;Наушники Buds;Аксессуары;6;7744,07;0,00
18.03.2025;Юг;Ростов-на-Дону;Михайлов С.;P010;Зарядка 65 Вт;Аксессуары;1;3781,20;0,00
28.06.2025;Северо-Запад;Санкт-Петербург;Попова А.;P015;Умные часы Fit;Гаджеты;4;18462,42;0,15
18.12.2024;Центр;Москва;Смирнова А.;P005;Смартфон Lite;Смартфоны;1;20520,47;0,00
05.03.2025;Центр;Москва;Кузнецов С.;P010;Зарядка 65 Вт;Аксессуары;2;3706,09;0,00
17.08.2024;Центр;Ярославль;Смирнова А.;P008;Наушники Studio;Аксессуары;1;26698,37;0,00
18.05.2024;Урал;Челябинск;Волков С.;P008;Наушники Studio;Аксессуары;2;24929,75;0,00
03.11.2024;Приволжье;Самара;Фёдоров С.;P015;Умные часы Fit;Гаджеты;1;17388,24;0,15
05.10.2024;Урал;Тюмень;Морозова А.;P015;Умные часы Fit;Гаджеты;1;16511,10;0,10
03.10.2024;Приволжье;Уфа;Фёдоров С.;P009;Чехол кожаный;Аксессуары;4;2095,28;0,00
11.03.2025;Центр;Ярославль;Кузнецов С.;P004;Смартфон S23;Смартфоны;1;68294,89;0,00
24.06.2025;Центр;Воронеж;Кузнецов С.;P010;Зарядка 65 Вт;Аксессуары;17;3928,80;0,00
21.01.2025;Урал;Екатеринбург;Волков С.;P007;Наушники Buds;Аксессуары;2;8657,04;0,15
19.02.2025;Центр;Воронеж;Кузнецов С.;P015;Умные часы Fit;Гаджеты;1;18309,11;0,05
15.12.2024;Северо-Запад;Санкт-Петербург;Попова А.;P009;Чехол кожаный;Аксессуары;6;2207,90;0,00
18.05.2025;Северо-Запад;Калининград;Васильев С.;P016;Электронная книга;Гаджеты;2;13289,96;0,15
28.11.2024;Северо-Запад;Калининград;Васильев С.;P009;Чехол кожаный;Аксессуары;6;2159,93;0,00
05.07.2024;Сибирь;Красноярск;Алексеева А.;P005;Смартфон Lite;Смартфоны;3;20019,26;0,00
06.09.2024;Северо-Запад;Санкт-Петербург;Васильев С.;P010;Зарядка 65 Вт;Аксессуары;2;3678,59;0,00
03.04.2025;Северо-Запад;Санкт-Петербург;Васильев С.;P007;Наушники Buds;Аксессуары;7;8922,83;0,00
12.11.2024;Сибирь;Красноярск;Лебедев С.;P010;Зарядка 65 Вт;Аксессуары;5;3614,79;0,00
01.01.2025;Центр;Москва;Кузнецов С.;P007;Наушники Buds;Аксессуары;2;8896,38;0,00
19.06.2025;Центр;Воронеж;Смирнова А.;P016;Электронная книга;Гаджеты;2;13824,51;0,15
12.01.2025;Приволжье;Нижний Новгород;Фёдоров С.;P016;Электронная книга;Гаджеты;2;13574,38;0,05
18.10.2024;Центр;Москва;Смирнова А.;P013;Планшет Tab 11;Планшеты;3;41083,65;0,00
05.04.2025;Центр;Тула;Кузнецов С.;P012;"Монитор 24"" FHD";Мониторы;2;16693,15;0,00
03.01.2025;Центр;Тула;Смирнова А.;P009;Чехол кожаный;Аксессуары;1;2147,63;0,00
14.01.2025;Урал;Тюмень;Морозова А.;P002;Ноутбук Pro 16;Ноутбуки;2;205442,92;0,00
20.09.2024;Центр;Ярославль;Кузнецов С.;P009;Чехол кожаный;Аксессуары;12;2083,81;0,00
11.01.2024;Юг;Волгоград;Соколова А.;P016;Электронная книга;Гаджеты;1;13105,36;0,10
12.02.2024;Центр;Воронеж;Смирнова А.;P014;Планшет Mini;Планшеты;2;28231,00;0,00
16.03.2025;Центр;Ярославль;Кузнецов С.;P016;Электронная книга;Гаджеты;1;13198,00;0,00
26.02.2025;Центр;Воронеж;Кузнецов С.;P002;Ноутбук Pro 16;Ноутбуки;1;206684,50;0,00
29.11.2024;Северо-Запад;Санкт-Петербург;Попова А.;P009;Чехол кожаный;Аксессуары;3;2137,64;0,00
28.03.2025;Приволжье;Уфа;Новикова А.;P007;Наушники Buds;Аксессуары;2;8923,55;0,00
30.05.2024;Урал;Челябинск;Волков С.;P009;Чехол кожаный;Аксессуары;8;1956,75;0,10
21.12.2024;Центр;Ярославль;Смирнова А.;P009;Чехол кожаный;Аксессуары;2;2231,89;0,00
15.04.2025;Приволжье;Казань;Фёдоров С.;P005;Смартфон Lite;Смартфоны;1;20667,14;0,00
19.01.2024;Центр;Тула;Смирнова А.;P012;"Монитор 24"" FHD";Мониторы;1;15025,05;0,00
05.02.2024;Юг;Ростов-на-Дону;Михайлов С.;P005;Смартфон Lite;Смартфоны;1;19649,70;0,00
29.05.2025;Урал;Тюмень;Морозова А.;P010;Зарядка 65 Вт;Аксессуары;3;3865,73;0,00
28.01.2024;Урал;Челябинск;Волков С.;P008;Наушники Studio;Аксессуары;4;24187,71;0,00
28.04.2024;Урал;Челябинск;Волков С.;P012;"Монитор 24"" FHD";Мониторы;2;15897,23;0,00
07.01.2025;Северо-Запад;Санкт-Петербург;Васильев С.;P007;Наушники Buds;Аксессуары;2;8595,15;0,00
16.04.2025;Сибирь;Омск;Алексеева А.;P012;"Монитор 24"" FHD";Мониторы;1;16140,18;0,00
05.11.2024;Сибирь;Красноярск;Лебедев С.;P015;Умные часы Fit;Гаджеты;3;16702,95;0,10
27.01.2025;Северо-Запад;Санкт-Петербург;Васильев С.;P016;Электронная книга;Гаджеты;2;13357,64;0,00
11.06.2024;Юг;Ростов-на-Дону;Соколова А.;P010;Зарядка 65 Вт;Аксессуары;1;3697,79;0,00
18.01.2025;Урал;Челябинск;Морозова А.;P012;"Монитор 24"" FHD";Мониторы;3;15636,18;0,00
16.05.2025;Центр;Ярославль;Смирнова А.;P016;Электронная книга;Гаджеты;2;14352,93;0,05
07.10.2024;Юг;Волгоград;Соколова А.;P016;Электронная книга;Гаджеты;4;12951,49;0,00
24.08.2024;Северо-Запад;Калининград;Попова А.;P008;Наушники Studio;Аксессуары;8;26918,86;0,00
11.09.2024;Центр;Москва;Кузнецов С.;P015;Умные часы Fit;Гаджеты;2;17674,92;0,15
28.03.2025;Приволжье;Уфа;Новикова А.;P016;Электронная книга;Гаджеты;3;14053,32;0,05
03.02.2024;Приволжье;Уфа;Новикова А.;P012;"Монитор 24"" FHD";Мониторы;4;14474,71;0,00
21.06.2024;Центр;Воронеж;Смирнова А.;P010;Зарядка 65 Вт;Аксессуары;2;3487,77;0,00
30.09.2024;Центр;Ярославль;Смирнова А.;P007;Наушники Buds;Аксессуары;9;8487,44;0,00
15.06.2024;Центр;Москва;Смирнова А.;P005;Смартфон Lite;Смартфоны;1;19929,36;0,00
02.06.2025;Центр;Ярославль;Смирнова А.;P015;Умные часы Fit;Гаджеты;1;17650,81;0,15
25.06.2025;Центр;Воронеж;Кузнецов С.;P009;Чехол кожаный;Аксессуары;2;2211,09;0,00
13.01.2025;Северо-Запад;Калининград;Васильев С.;P016;Электронная книга;Гаджеты;3;13078,30;0,05
24.06.2025;Приволжье;Самара;Фёдоров С.;P013;Планшет Tab 11;Планшеты;3;45642,64;0,00
08.10.2024;Центр;Тула;Смирнова А.;P010;Зарядка 65 Вт;Аксессуары;2;3859,85;0,00
23.06.2024;Центр;Воронеж;Кузнецов С.;P004;Смартфон S23;Смартфоны;5;69982,69;0,00
20.03.2025;Северо-Запад;Мурманск;Попова А.;P014;Планшет Mini;Планшеты;8;30761,43;0,00
03.06.2025;Урал;Екатеринбург;Волков С.;P009;Чехол кожаный;Аксессуары;2;2152,41;0,00
25.05.2025;Приволжье;Уфа;Фёдоров С.;P004;Смартфон S23;Смартфоны;2;69458,98;0,10
11.05.2024;Приволжье;Самара;Фёдоров С.;P007;Наушники Buds;Аксессуары;1;7834,36;0,00
25.04.2025;Урал;Екатеринбург;Волков С.;P010;Зарядка 65 Вт;Аксессуары;1;3865,25;0,00
08.11.2024;Центр;Ярославль;Смирнова А.;P005;Смартфон Lite;Смартфоны;1;19457,09;0,05
03.06.2025;Центр;Москва;Кузнецов С.;P011;"Монитор 27"" 4K";Мониторы;1;47105,00;0,00
11.12.2024;Приволжье;Казань;Фёдоров С.;P006;Смартфон Max;Смартфоны;2;122041,61;0,15
28.11.2024;Северо-Запад;Мурманск;Васильев С.;P009;Чехол кожаный;Аксессуары;6;2094,64;0,10
12.10.2024;Северо-Запад;Санкт-Петербург;Попова А.;P003;Ультрабук Slim;Ноутбуки;2;127124,83;0,00
13.06.2024;Приволжье;Уфа;Фёдоров С.;P007;Наушники Buds;Аксессуары;4;8682,62;0,15
04.08.2024;Центр;Ярославль;Смирнова А.;P009;Чехол кожаный;Аксессуары;12;2185,73;0,10
26.12.2024;Центр;Воронеж;Кузнецов С.;P010;Зарядка 65 Вт;Аксессуары;7;3866,34;0,15
21.06.2025;Урал;Екатеринбург;Волков С.;P014;Планшет Mini;Планшеты;2;32027,39;0,00
04.03.2024;Центр;Москва;Смирнова А.;P014;Планшет Mini;Планшеты;4;28447,45;0,00
19.07.2024;Центр;Тула;Смирнова А.;P005;Смартфон Lite;Смартфоны;1;18869,18;0,10
29.04.2025;Центр;Ярославль;Кузнецов С.;P005;Смартфон Lite;Смартфоны;1;20131,55;0,15
05.01.2024;Центр;Воронеж;Кузнецов С.;P009;Чехол кожаный;Аксессуары;2;2022,63;0,00
27.03.2025;Приволжье;Нижний Новгород;Новикова А.;P014;Планшет Mini;Планшеты;1;29372,05;0,05
29.12.2024;Северо-Запад;Санкт-Петербург;Васильев С.;P010;Зарядка 65 Вт;Аксессуары;7;3603,21;0,15
28.04.2024;Сибирь;Красноярск;Лебедев С.;P005;Смартфон Lite;Смартфоны;1;19227,83;0,00
29.04.2025;Центр;Ярославль;Кузнецов С.;P013;Планшет Tab 11;Планшеты;1;44160,58;0,10
01.06.2024;Центр;Тула;Смирнова А.;P002;Ноутбук Pro 16;Ноутбуки;3;194723,52;0,00
24.08.2024;Приволжье;Нижний Новгород;Новикова А.;P009;Чехол кожаный;Аксессуары;3;2111,17;0,00
21.08.2024;Центр;Ярославль;Смирнова А.;P015;Умные часы Fit;Гаджеты;2;16014,80;0,00
25.05.2025;Северо-Запад;Мурманск;Попова А.;P010;Зарядка 65 Вт;Аксессуары;9;3791,32;0,00
15.08.2024;Дальний Восток;Хабаровск;Егоров С.;P013;Планшет Tab 11;Планшеты;4;40641,88;0,15
23.06.2025;Приволжье;Казань;Новикова А.;P009;Чехол кожаный;Аксессуары;3;2315,65;0,15
20.07.2024;Центр;Воронеж;Кузнецов С.;P012;"Монитор 24"" FHD";Мониторы;2;15017,68;0,00
07.03.2024;Приволжье;Нижний Новгород;Новикова А.;P008;Наушники Studio;Аксессуары;2;25158,35;0,00
13.06.2025;Северо-Запад;Мурманск;Васильев С.;P016;Электронная книга;Гаджеты;2;14443,22;0,00
24.07.2024;Сибирь;Омск;Лебедев С.;P009;Чехол кожаный;Аксессуары;3;2170,95;0,00
10.06.2025;Урал;Челябинск;Морозова А.;P014;Планшет Mini;Планшеты;2;30440,01;0,00
06.04.2025;Центр;Воронеж;Кузнецов С.;P016;Электронная книга;Гаджеты;2;13969,70;0,15
04.04.2025;Юг;Волгоград;Соколова А.;P010;Зарядка 65 Вт;Аксессуары;7;3961,12;0,15
13.08.2024;Урал;Тюмень;Морозова А.;P002;Ноутбук Pro 16;Ноутбуки;2;198186,97;0,10
09.09.2024;Центр;Москва;Кузнецов С.;P009;Чехол кожаный;Аксессуары;1;2001,50;0,00
04.01.2025;Урал;Екатеринбург;Волков С.;P015;Умные часы Fit;Гаджеты;1;17653,33;0,00
04.12.2024;Сибирь;Омск;Лебедев С.;P009;Чехол кожаный;Аксессуары;1;2177,28;0,00
12.04.2025;Центр;Тула;Смирнова А.;P009;Чехол кожаный;Аксессуары;2;2094,12;0,00
04.02.2025;Дальний Восток;Владивосток;Семёнова А.;P011;"Монитор 27"" 4K";Мониторы;1;45395,41;0,00
02.01.2024;Урал;Екатеринбург;Морозова А.;P015;Умные часы Fit;Гаджеты;1;16044,87;0,00
27.02.2024;Приволжье;Казань;Фёдоров С.;P012;"Монитор 24"" FHD";Мониторы;1;14647,56;0,00
25.07.2024;Центр;Ярославль;Смирнова А.;P013;Планшет Tab 11;Планшеты;1;41255,09;0,00
20.02.2025;Юг;Ростов-на-Дону;Михайлов С.;P001;Ноутбук Air 13;Ноутбуки;2;94050,66;0,00
28.12.2024;Центр;Ярославль;Кузнецов С.;P015;Умные часы Fit;Гаджеты;2;16574,02;0,00
09.01.2025;Урал;Тюмень;Волков С.;P013;Планшет Tab 11;Планшеты;1;41406,77;0,15
28.02.2025;Приволжье;Казань;Новикова А.;P004;Смартфон S23;Смартфоны;5;74536,91;0,00
23.01.2025;Центр;Тула;Смирнова А.;P010;Зарядка 65 Вт;Аксессуары;4;3779,96;0,00
18.06.2025;Центр;Воронеж;Кузнецов С.;P010;Зарядка 65 Вт;Аксессуары;3;3975,24;0,05
28.08.2024;Центр;Москва;Кузнецов С.;P010;Зарядка 65 Вт;Аксессуары;4;3651,51;0,00
27.01.2024;Центр;Ярославль;Кузнецов С.;P004;Смартфон S23;Смартфоны;2;63586,71;0,00
07.03.2024;Центр;Тула;Кузнецов С.;P009;Чехол кожаный;Аксессуары;1;1951,71;0,00
07.05.2024;Урал;Екатеринбург;Волков С.;P010;Зарядка 65 Вт;Аксессуары;2;3496,71;0,05
01.04.2024;Приволжье;Уфа;Фёдоров С.;P014;Планшет Mini;Планшеты;1;29107,64;0,00
18.09.2024;Юг;Краснодар;Михайлов С.;P016;Электронная книга;Гаджеты;4;13328,47;0,00
10.04.2025;Северо-Запад;Калининград;Попова А.;P009;Чехол кожаный;Аксессуары;6;2170,59;0,00
24.12.2024;Северо-Запад;Мурманск;Васильев С.;P016;Электронная книга;Гаджеты;1;13883,41;0,15
24.06.2024;Сибирь;Омск;Алексеева А.;P015;Умные часы Fit;Гаджеты;1;15942,52;0,00
13.03.2025;Сибирь;Красноярск;Лебедев С.;P015;Умные часы Fit;Гаджеты;1;18314,63;0,00
04.04.2024;Урал;Тюмень;Волков С.;P012;"Монитор 24"" FHD";Мониторы;4;15151,37;0,05
15.05.2024;Юг;Ростов-на-Дону;Соколова А.;P016;Электронная книга;Гаджеты;1;13229,02;0,00
05.01.2025;Приволжье;Уфа;Фёдоров С.;P002;Ноутбук Pro 16;Ноутбуки;5;194145,00;0,10
28.11.2024;Урал;Тюмень;Морозова А.;P013;Планшет Tab 11;Планшеты;1;44371,95;0,15
22.06.2024;Центр;Москва;Смирнова А.;P009;Чехол кожаный;Аксессуары;4;2103,51;0,10
17.02.2025;Урал;Челябинск;Волков С.;P010;Зарядка 65 Вт;Аксессуары;5;3787,94;0,15
03.01.2024;Урал;Екатеринбург;Волков С.;P010;Зарядка 65 Вт;Аксессуары;5;3400,31;0,10
10.06.2024;Дальний Восток;Владивосток;Семёнова А.;P009;Чехол кожаный;Аксессуары;1;2006,30;0,15
22.05.2024;Юг;Ростов-на-Дону;Соколова А.;P016;Электронная книга;Гаджеты;3;12622,29;0,00
20.08.2024;Дальний Восток;Хабаровск;Семёнова А.;P008;Наушники Studio;Аксессуары;2;26534,42;0,00
03.04.2025;Центр;Воронеж;Смирнова А.;P009;Чехол кожаный;Аксессуары;3;2277,18;0,15
31.07.2024;Центр;Москва;Смирнова А.;P009;Чехол кожаный;Аксессуары;3;2095,73;0,00
13.05.2025;Центр;Воронеж;Смирнова А.;P010;Зарядка 65 Вт;Аксессуары;7;3817,86;0,00
29.02.2024;Центр;Тула;Смирнова А.;P008;Наушники Studio;Аксессуары;1;25038,94;0,00
03.03.2024;Приволжье;Уфа;Фёдоров С.;P010;Зарядка 65 Вт;Аксессуары;2;3653,42;0,00
05.02.2024;Северо-Запад;Калининград;Васильев С.;P005;Смартфон Lite;Смартфоны;1;18278,98;0,00
12.05.2024;Приволжье;Казань;Новикова А.;P016;Электронная книга;Гаджеты;3;12536,38;0,00
19.05.2024;Сибирь;Красноярск;Алексеева А.;P010;Зарядка 65 Вт;Аксессуары;5;3636,58;0,00
15.04.2025;Северо-Запад;Санкт-Петербург;Васильев С.;P010;Зарядка 65 Вт;Аксессуары;12;4012,97;0,00
17.07.2024;Центр;Тула;Смирнова А.;P007;Наушники Buds;Аксессуары;8;8272,16;0,00
11.04.2024;Приволжье;Нижний Новгород;Фёдоров С.;P010;Зарядка 65 Вт;Аксессуары;16;3708,42;0,10
